account_key,status,join_date,cancel_date,days_to_cancel,is_udacity,is_canceled
448,canceled,10/11/14,14/1/15,65,TRUE,TRUE
448,canceled,5/11/14,10/11/14,5,TRUE,TRUE
448,canceled,27/1/15,27/1/15,0,TRUE,TRUE
448,canceled,10/11/14,10/11/14,0,TRUE,TRUE
448,current,10/3/15,,,TRUE,FALSE
448,canceled,14/1/15,27/1/15,13,TRUE,TRUE
448,canceled,27/1/15,10/3/15,42,TRUE,TRUE
448,canceled,27/1/15,27/1/15,0,TRUE,TRUE
448,canceled,27/1/15,27/1/15,0,TRUE,TRUE
700,canceled,10/11/14,16/11/14,6,FALSE,TRUE
429,canceled,10/11/14,10/3/15,120,FALSE,TRUE
429,canceled,10/3/15,17/6/15,99,FALSE,TRUE
60,canceled,10/11/14,14/1/15,65,FALSE,TRUE
60,canceled,14/1/15,1/4/15,77,FALSE,TRUE
60,current,1/4/15,,,FALSE,FALSE
1300,canceled,10/11/14,16/11/14,6,FALSE,TRUE
369,current,10/11/14,,,FALSE,FALSE
322,canceled,10/11/14,2/2/15,84,FALSE,TRUE
322,canceled,12/2/15,12/2/15,0,FALSE,TRUE
322,canceled,12/2/15,10/3/15,26,FALSE,TRUE
322,current,10/3/15,,,FALSE,FALSE
336,current,10/11/14,,,FALSE,FALSE
553,current,10/11/14,,,FALSE,FALSE
584,canceled,10/11/14,14/1/15,65,FALSE,TRUE
584,canceled,14/1/15,10/3/15,55,FALSE,TRUE
584,current,10/3/15,,,FALSE,FALSE
1006,canceled,10/11/14,17/11/14,7,FALSE,TRUE
458,canceled,10/11/14,1/4/15,142,FALSE,TRUE
458,canceled,4/4/15,6/4/15,2,FALSE,TRUE
458,current,6/4/15,,,FALSE,FALSE
1058,canceled,10/11/14,14/1/15,65,FALSE,TRUE
1058,canceled,14/1/15,10/3/15,55,FALSE,TRUE
1058,current,10/3/15,,,FALSE,FALSE
206,current,10/11/14,,,FALSE,FALSE
45,canceled,10/11/14,10/3/15,120,FALSE,TRUE
45,current,10/3/15,,,FALSE,FALSE
315,canceled,10/11/14,17/5/15,188,FALSE,TRUE
604,current,10/11/14,,,FALSE,FALSE
204,current,10/11/14,,,FALSE,FALSE
408,canceled,10/11/14,10/3/15,120,FALSE,TRUE
408,canceled,10/3/15,1/4/15,22,FALSE,TRUE
408,canceled,1/4/15,17/4/15,16,FALSE,TRUE
51,canceled,10/11/14,10/3/15,120,FALSE,TRUE
51,canceled,10/3/15,17/6/15,99,FALSE,TRUE
323,canceled,10/11/14,17/4/15,158,FALSE,TRUE
568,current,10/11/14,,,FALSE,FALSE
130,canceled,10/11/14,10/3/15,120,FALSE,TRUE
130,canceled,10/3/15,1/4/15,22,FALSE,TRUE
130,canceled,1/4/15,17/6/15,77,FALSE,TRUE
550,canceled,10/11/14,2/5/15,173,FALSE,TRUE
550,canceled,28/5/15,4/7/15,37,FALSE,TRUE
44,canceled,10/11/14,10/3/15,120,FALSE,TRUE
44,current,10/3/15,,,FALSE,FALSE
1020,canceled,10/11/14,15/11/14,5,FALSE,TRUE
838,canceled,10/11/14,11/11/14,1,FALSE,TRUE
198,current,10/11/14,,,FALSE,FALSE
368,current,10/11/14,,,FALSE,FALSE
440,canceled,11/11/14,18/2/15,99,FALSE,TRUE
675,canceled,11/11/14,16/11/14,5,FALSE,TRUE
57,canceled,11/11/14,18/2/15,99,FALSE,TRUE
57,current,6/5/15,,,FALSE,FALSE
1090,canceled,11/11/14,26/11/14,15,FALSE,TRUE
541,canceled,12/11/14,19/6/15,219,FALSE,TRUE
756,canceled,12/11/14,15/11/14,3,FALSE,TRUE
756,canceled,15/11/14,15/1/15,61,FALSE,TRUE
1219,canceled,12/11/14,12/11/14,0,FALSE,TRUE
101,canceled,12/11/14,20/4/15,159,FALSE,TRUE
1021,canceled,12/11/14,17/11/14,5,FALSE,TRUE
1108,canceled,12/11/14,16/11/14,4,FALSE,TRUE
800,canceled,12/11/14,14/11/14,2,FALSE,TRUE
800,canceled,4/3/15,11/5/15,68,FALSE,TRUE
702,canceled,13/11/14,15/11/14,2,FALSE,TRUE
702,canceled,15/11/14,14/1/15,60,FALSE,TRUE
702,canceled,14/1/15,10/3/15,55,FALSE,TRUE
702,current,10/3/15,,,FALSE,FALSE
871,canceled,13/11/14,13/11/14,0,FALSE,TRUE
38,current,14/11/14,,,FALSE,FALSE
215,current,14/11/14,,,FALSE,FALSE
744,canceled,14/11/14,21/12/14,37,FALSE,TRUE
217,canceled,14/11/14,15/11/14,1,FALSE,TRUE
217,canceled,15/11/14,10/3/15,115,FALSE,TRUE
217,current,10/3/15,,,FALSE,FALSE
1221,canceled,14/11/14,21/11/14,7,FALSE,TRUE
1211,canceled,14/11/14,15/11/14,1,FALSE,TRUE
1211,canceled,15/11/14,15/1/15,61,FALSE,TRUE
1211,current,6/3/15,,,FALSE,FALSE
1051,canceled,14/11/14,16/11/14,2,FALSE,TRUE
1286,canceled,14/11/14,21/11/14,7,FALSE,TRUE
53,canceled,14/11/14,21/12/14,37,FALSE,TRUE
53,current,11/5/15,,,FALSE,FALSE
895,canceled,14/11/14,19/11/14,5,FALSE,TRUE
895,canceled,11/11/14,11/11/14,0,FALSE,TRUE
283,current,15/11/14,,,FALSE,FALSE
283,canceled,13/11/14,15/11/14,2,FALSE,TRUE
338,canceled,15/11/14,14/1/15,60,FALSE,TRUE
338,canceled,14/1/15,3/2/15,20,FALSE,TRUE
338,canceled,3/2/15,22/2/15,19,FALSE,TRUE
338,current,11/5/15,,,FALSE,FALSE
579,current,15/11/14,,,FALSE,FALSE
903,canceled,16/11/14,21/11/14,5,FALSE,TRUE
627,current,16/11/14,,,FALSE,FALSE
253,canceled,16/11/14,14/1/15,59,FALSE,TRUE
253,current,14/1/15,,,FALSE,FALSE
861,canceled,16/11/14,19/11/14,3,FALSE,TRUE
178,canceled,17/11/14,9/5/15,173,FALSE,TRUE
822,canceled,17/11/14,15/1/15,59,FALSE,TRUE
822,current,18/7/15,,,FALSE,FALSE
96,current,17/11/14,,,FALSE,FALSE
123,canceled,10/11/14,10/3/15,120,FALSE,TRUE
123,canceled,10/3/15,17/4/15,38,FALSE,TRUE
943,canceled,10/11/14,17/11/14,7,FALSE,TRUE
620,current,10/11/14,,,FALSE,FALSE
1204,canceled,10/11/14,17/12/14,37,FALSE,TRUE
195,current,10/11/14,,,FALSE,FALSE
890,canceled,10/11/14,11/11/14,1,FALSE,TRUE
354,current,10/11/14,,,FALSE,FALSE
837,canceled,10/11/14,11/11/14,1,FALSE,TRUE
114,canceled,10/11/14,11/11/14,1,FALSE,TRUE
114,current,8/5/15,,,FALSE,FALSE
810,canceled,10/11/14,13/11/14,3,FALSE,TRUE
394,canceled,10/11/14,17/4/15,158,FALSE,TRUE
1253,canceled,10/11/14,14/1/15,65,FALSE,TRUE
1253,canceled,14/1/15,20/1/15,6,FALSE,TRUE
504,canceled,10/11/14,17/6/15,219,FALSE,TRUE
537,current,10/11/14,,,FALSE,FALSE
72,canceled,10/11/14,17/5/15,188,FALSE,TRUE
268,canceled,10/11/14,17/12/14,37,FALSE,TRUE
268,canceled,3/4/15,10/8/15,129,FALSE,TRUE
339,canceled,10/11/14,10/3/15,120,FALSE,TRUE
339,canceled,1/4/15,17/6/15,77,FALSE,TRUE
339,canceled,10/3/15,1/4/15,22,FALSE,TRUE
1244,canceled,10/11/14,14/1/15,65,FALSE,TRUE
1244,current,10/3/15,,,FALSE,FALSE
1244,canceled,14/1/15,10/3/15,55,FALSE,TRUE
1244,canceled,17/3/15,27/4/15,41,FALSE,TRUE
1244,canceled,17/5/15,17/8/15,92,FALSE,TRUE
752,canceled,10/11/14,19/11/14,9,FALSE,TRUE
194,current,10/11/14,,,FALSE,FALSE
520,canceled,10/11/14,17/3/15,127,FALSE,TRUE
102,current,10/11/14,,,FALSE,FALSE
367,canceled,11/11/14,2/4/15,142,FALSE,TRUE
258,canceled,10/11/14,17/7/15,249,FALSE,TRUE
522,current,10/11/14,,,FALSE,FALSE
1047,canceled,10/11/14,11/11/14,1,FALSE,TRUE
329,canceled,10/11/14,14/1/15,65,FALSE,TRUE
329,canceled,10/3/15,8/4/15,29,FALSE,TRUE
329,current,8/4/15,,,FALSE,FALSE
329,canceled,14/1/15,3/2/15,20,FALSE,TRUE
329,canceled,3/2/15,10/3/15,35,FALSE,TRUE
225,current,10/11/14,,,FALSE,FALSE
612,canceled,10/11/14,10/3/15,120,FALSE,TRUE
612,canceled,10/3/15,17/3/15,7,FALSE,TRUE
150,canceled,10/11/14,17/5/15,188,FALSE,TRUE
179,canceled,10/11/14,17/3/15,127,FALSE,TRUE
595,current,10/11/14,,,FALSE,FALSE
587,canceled,10/11/14,14/1/15,65,FALSE,TRUE
587,canceled,14/1/15,17/4/15,93,FALSE,TRUE
587,current,28/5/15,,,FALSE,FALSE
439,canceled,10/11/14,10/3/15,120,FALSE,TRUE
439,current,10/3/15,,,FALSE,FALSE
428,current,10/11/14,,,FALSE,FALSE
18,canceled,10/11/14,17/2/15,99,FALSE,TRUE
544,canceled,10/11/14,17/5/15,188,FALSE,TRUE
10,current,10/11/14,,,FALSE,FALSE
913,canceled,10/11/14,14/1/15,65,FALSE,TRUE
913,canceled,14/1/15,17/2/15,34,FALSE,TRUE
23,current,10/11/14,,,FALSE,FALSE
576,canceled,10/11/14,17/2/15,99,FALSE,TRUE
431,canceled,10/11/14,17/3/15,127,FALSE,TRUE
223,current,10/11/14,,,FALSE,FALSE
480,canceled,10/11/14,10/3/15,120,FALSE,TRUE
480,canceled,10/3/15,1/4/15,22,FALSE,TRUE
480,current,1/4/15,,,FALSE,FALSE
525,canceled,10/11/14,17/7/15,249,FALSE,TRUE
1111,canceled,11/11/14,10/3/15,119,FALSE,TRUE
1111,canceled,10/3/15,1/4/15,22,FALSE,TRUE
1111,canceled,1/4/15,18/4/15,17,FALSE,TRUE
1107,canceled,11/11/14,19/11/14,8,FALSE,TRUE
577,canceled,12/11/14,19/1/15,68,FALSE,TRUE
577,canceled,5/2/15,12/7/15,157,FALSE,TRUE
92,canceled,12/11/14,19/7/15,249,FALSE,TRUE
335,canceled,12/11/14,19/5/15,188,FALSE,TRUE
275,canceled,12/11/14,16/11/14,4,FALSE,TRUE
275,current,16/11/14,,,FALSE,FALSE
930,canceled,13/11/14,17/11/14,4,FALSE,TRUE
245,current,14/11/14,,,FALSE,FALSE
135,current,14/11/14,,,FALSE,FALSE
37,current,14/11/14,,,FALSE,FALSE
740,canceled,14/11/14,15/11/14,1,FALSE,TRUE
740,canceled,11/11/14,13/11/14,2,FALSE,TRUE
186,current,14/11/14,,,FALSE,FALSE
389,current,15/11/14,,,FALSE,FALSE
389,canceled,14/11/14,15/11/14,1,FALSE,TRUE
1218,canceled,15/11/14,15/11/14,0,FALSE,TRUE
693,canceled,15/11/14,14/1/15,60,FALSE,TRUE
693,canceled,14/1/15,23/1/15,9,FALSE,TRUE
770,canceled,15/11/14,19/11/14,4,FALSE,TRUE
88,canceled,15/11/14,10/3/15,115,FALSE,TRUE
88,current,1/4/15,,,FALSE,FALSE
88,canceled,10/3/15,1/4/15,22,FALSE,TRUE
845,canceled,16/11/14,23/11/14,7,FALSE,TRUE
983,canceled,16/11/14,14/1/15,59,FALSE,TRUE
983,canceled,14/1/15,23/1/15,9,FALSE,TRUE
1118,canceled,17/11/14,24/12/14,37,FALSE,TRUE
1118,canceled,12/11/14,17/11/14,5,FALSE,TRUE
499,canceled,17/11/14,17/11/14,0,FALSE,TRUE
499,canceled,6/2/15,13/5/15,96,FALSE,TRUE
590,canceled,3/12/14,3/2/15,62,FALSE,TRUE
590,current,11/5/15,,,FALSE,FALSE
590,canceled,3/2/15,10/3/15,35,FALSE,TRUE
264,canceled,3/12/14,3/2/15,62,FALSE,TRUE
264,canceled,3/2/15,25/2/15,22,FALSE,TRUE
300,current,3/12/14,,,FALSE,FALSE
54,current,3/12/14,,,FALSE,FALSE
1043,canceled,3/12/14,4/12/14,1,FALSE,TRUE
1130,canceled,3/12/14,25/1/15,53,FALSE,TRUE
654,canceled,4/12/14,4/12/14,0,FALSE,TRUE
654,canceled,4/12/14,4/12/14,0,FALSE,TRUE
654,canceled,3/12/14,3/12/14,0,FALSE,TRUE
736,canceled,4/12/14,11/3/15,97,FALSE,TRUE
964,canceled,4/12/14,4/12/14,0,FALSE,TRUE
976,canceled,4/12/14,11/1/15,38,FALSE,TRUE
1203,canceled,4/12/14,9/12/14,5,FALSE,TRUE
278,current,4/12/14,,,FALSE,FALSE
377,current,5/12/14,,,FALSE,FALSE
342,current,5/12/14,,,FALSE,FALSE
358,current,5/12/14,,,FALSE,FALSE
316,canceled,6/12/14,13/6/15,189,FALSE,TRUE
347,canceled,7/12/14,14/3/15,97,FALSE,TRUE
347,current,5/4/15,,,FALSE,FALSE
295,canceled,7/12/14,7/12/14,0,FALSE,TRUE
295,current,3/4/15,,,FALSE,FALSE
343,canceled,7/12/14,14/3/15,97,FALSE,TRUE
1127,canceled,7/12/14,8/12/14,1,FALSE,TRUE
1076,canceled,8/12/14,12/12/14,4,FALSE,TRUE
502,current,8/12/14,,,FALSE,FALSE
502,canceled,15/11/14,21/11/14,6,FALSE,TRUE
1223,canceled,8/12/14,13/12/14,5,FALSE,TRUE
221,canceled,3/12/14,10/2/15,69,FALSE,TRUE
631,canceled,3/12/14,8/12/14,5,FALSE,TRUE
631,canceled,8/5/15,15/7/15,68,FALSE,TRUE
495,current,4/12/14,,,FALSE,FALSE
495,canceled,12/11/14,17/11/14,5,FALSE,TRUE
1009,canceled,5/12/14,12/2/15,69,FALSE,TRUE
364,current,5/12/14,,,FALSE,FALSE
1252,canceled,5/12/14,11/12/14,6,FALSE,TRUE
909,canceled,5/12/14,28/12/14,23,FALSE,TRUE
1156,canceled,6/12/14,8/12/14,2,FALSE,TRUE
524,canceled,6/12/14,3/2/15,59,FALSE,TRUE
524,current,4/3/15,,,FALSE,FALSE
560,current,6/12/14,,,FALSE,FALSE
570,current,7/12/14,,,FALSE,FALSE
581,current,7/12/14,,,FALSE,FALSE
759,canceled,8/12/14,3/2/15,57,FALSE,TRUE
759,canceled,8/4/15,15/4/15,7,FALSE,TRUE
759,canceled,3/2/15,8/4/15,64,FALSE,TRUE
896,canceled,8/12/14,3/2/15,57,FALSE,TRUE
896,canceled,10/3/15,8/4/15,29,FALSE,TRUE
896,canceled,3/2/15,10/3/15,35,FALSE,TRUE
896,current,8/4/15,,,FALSE,FALSE
346,current,8/12/14,,,FALSE,FALSE
346,canceled,5/12/14,5/12/14,0,FALSE,TRUE
411,canceled,8/12/14,3/2/15,57,FALSE,TRUE
411,canceled,10/3/15,8/4/15,29,FALSE,TRUE
411,canceled,3/2/15,10/3/15,35,FALSE,TRUE
411,canceled,8/4/15,15/6/15,68,FALSE,TRUE
705,canceled,8/12/14,14/12/14,6,FALSE,TRUE
705,canceled,8/4/15,28/4/15,20,FALSE,TRUE
776,canceled,8/12/14,3/2/15,57,FALSE,TRUE
557,canceled,8/12/14,3/2/15,57,FALSE,TRUE
557,current,10/3/15,,,FALSE,FALSE
557,canceled,3/2/15,10/3/15,35,FALSE,TRUE
1234,canceled,9/12/14,14/12/14,5,FALSE,TRUE
634,canceled,9/12/14,16/6/15,189,FALSE,TRUE
1124,canceled,9/12/14,3/2/15,56,FALSE,TRUE
1124,current,8/4/15,,,FALSE,FALSE
1124,canceled,3/2/15,8/4/15,64,FALSE,TRUE
932,canceled,9/12/14,16/1/15,38,FALSE,TRUE
817,canceled,9/12/14,9/12/14,0,FALSE,TRUE
169,canceled,9/12/14,14/12/14,5,FALSE,TRUE
169,canceled,5/2/15,12/8/15,188,FALSE,TRUE
350,current,7/1/15,,,FALSE,FALSE
345,current,7/1/15,,,FALSE,FALSE
1171,canceled,7/1/15,7/1/15,0,FALSE,TRUE
530,current,7/1/15,,,FALSE,FALSE
383,current,7/1/15,,,FALSE,FALSE
1271,canceled,7/1/15,13/1/15,6,FALSE,TRUE
229,canceled,7/1/15,14/6/15,158,FALSE,TRUE
876,canceled,8/1/15,11/1/15,3,FALSE,TRUE
622,canceled,8/1/15,15/6/15,158,FALSE,TRUE
1065,canceled,8/1/15,11/1/15,3,FALSE,TRUE
884,canceled,8/1/15,8/1/15,0,FALSE,TRUE
730,canceled,8/1/15,30/1/15,22,FALSE,TRUE
905,canceled,8/1/15,15/3/15,66,FALSE,TRUE
356,current,9/1/15,,,FALSE,FALSE
1164,canceled,9/1/15,14/1/15,5,FALSE,TRUE
170,canceled,9/1/15,16/8/15,219,FALSE,TRUE
467,canceled,10/1/15,2/7/15,173,FALSE,TRUE
780,canceled,11/1/15,18/2/15,38,FALSE,TRUE
418,canceled,11/1/15,18/7/15,188,FALSE,TRUE
1074,canceled,11/1/15,10/3/15,58,FALSE,TRUE
1074,canceled,10/3/15,18/4/15,39,FALSE,TRUE
859,canceled,11/1/15,18/2/15,38,FALSE,TRUE
859,canceled,15/11/14,22/11/14,7,FALSE,TRUE
91,canceled,10/11/14,10/3/15,120,FALSE,TRUE
91,current,10/3/15,,,FALSE,FALSE
12,current,10/11/14,,,FALSE,FALSE
3,canceled,10/11/14,10/3/15,120,FALSE,TRUE
3,current,10/3/15,,,FALSE,FALSE
157,canceled,10/11/14,10/3/15,120,FALSE,TRUE
157,canceled,10/3/15,17/7/15,129,FALSE,TRUE
224,current,10/11/14,,,FALSE,FALSE
562,current,10/11/14,,,FALSE,FALSE
1098,current,10/11/14,,,FALSE,FALSE
378,canceled,10/11/14,10/3/15,120,FALSE,TRUE
378,canceled,10/3/15,17/4/15,38,FALSE,TRUE
1214,canceled,10/11/14,15/1/15,66,FALSE,TRUE
483,canceled,10/11/14,20/4/15,161,FALSE,TRUE
1094,canceled,10/11/14,17/12/14,37,FALSE,TRUE
882,canceled,10/11/14,17/12/14,37,FALSE,TRUE
412,canceled,10/11/14,10/3/15,120,FALSE,TRUE
412,current,1/4/15,,,FALSE,FALSE
412,canceled,10/3/15,1/4/15,22,FALSE,TRUE
390,current,10/11/14,,,FALSE,FALSE
366,canceled,10/11/14,10/3/15,120,FALSE,TRUE
366,canceled,1/4/15,17/4/15,16,FALSE,TRUE
366,canceled,10/3/15,1/4/15,22,FALSE,TRUE
81,current,10/11/14,,,FALSE,FALSE
696,canceled,10/11/14,14/1/15,65,FALSE,TRUE
696,canceled,14/1/15,20/1/15,6,FALSE,TRUE
892,canceled,10/11/14,12/11/14,2,FALSE,TRUE
1142,canceled,10/11/14,14/1/15,65,FALSE,TRUE
1142,canceled,10/3/15,17/7/15,129,FALSE,TRUE
1142,canceled,14/1/15,10/3/15,55,FALSE,TRUE
234,current,11/11/14,,,FALSE,FALSE
148,canceled,11/11/14,10/3/15,119,FALSE,TRUE
148,canceled,1/4/15,18/4/15,17,FALSE,TRUE
148,canceled,10/3/15,1/4/15,22,FALSE,TRUE
630,canceled,11/11/14,18/3/15,127,FALSE,TRUE
1083,canceled,11/11/14,12/11/14,1,FALSE,TRUE
1011,canceled,11/11/14,12/11/14,1,FALSE,TRUE
1011,canceled,8/4/15,15/5/15,37,FALSE,TRUE
1114,canceled,12/11/14,18/11/14,6,FALSE,TRUE
161,canceled,12/11/14,19/5/15,188,FALSE,TRUE
441,canceled,12/11/14,19/6/15,219,FALSE,TRUE
712,canceled,13/11/14,20/3/15,127,FALSE,TRUE
273,current,14/11/14,,,FALSE,FALSE
76,canceled,14/11/14,15/11/14,1,FALSE,TRUE
76,current,15/1/15,,,FALSE,FALSE
76,canceled,15/11/14,15/1/15,61,FALSE,TRUE
938,canceled,14/11/14,16/1/15,63,FALSE,TRUE
131,current,14/11/14,,,FALSE,FALSE
231,current,14/11/14,,,FALSE,FALSE
1085,canceled,14/11/14,18/11/14,4,FALSE,TRUE
327,current,14/11/14,,,FALSE,FALSE
829,canceled,15/11/14,22/12/14,37,FALSE,TRUE
829,canceled,14/11/14,15/11/14,1,FALSE,TRUE
203,canceled,15/11/14,21/11/14,6,FALSE,TRUE
203,canceled,12/5/15,19/7/15,68,FALSE,TRUE
277,current,15/11/14,,,FALSE,FALSE
280,current,15/11/14,,,FALSE,FALSE
308,current,16/11/14,,,FALSE,FALSE
1239,canceled,17/11/14,19/11/14,2,FALSE,TRUE
1230,canceled,17/11/14,19/11/14,2,FALSE,TRUE
875,canceled,17/11/14,17/11/14,0,FALSE,TRUE
202,current,3/12/14,,,FALSE,FALSE
563,canceled,3/12/14,10/7/15,219,FALSE,TRUE
1167,canceled,3/12/14,10/1/15,38,FALSE,TRUE
643,canceled,3/12/14,3/2/15,62,FALSE,TRUE
643,canceled,10/3/15,8/4/15,29,FALSE,TRUE
643,current,18/4/15,,,FALSE,FALSE
643,canceled,8/4/15,18/4/15,10,FALSE,TRUE
643,canceled,3/2/15,10/3/15,35,FALSE,TRUE
110,canceled,3/12/14,10/5/15,158,FALSE,TRUE
244,current,4/12/14,,,FALSE,FALSE
1289,canceled,4/12/14,3/2/15,61,FALSE,TRUE
1120,canceled,4/12/14,4/12/14,0,FALSE,TRUE
500,canceled,5/12/14,3/2/15,60,FALSE,TRUE
500,canceled,12/11/14,17/11/14,5,FALSE,TRUE
500,current,3/2/15,,,FALSE,FALSE
728,canceled,5/12/14,5/12/14,0,FALSE,TRUE
209,current,5/12/14,,,FALSE,FALSE
292,current,5/12/14,,,FALSE,FALSE
546,current,5/12/14,,,FALSE,FALSE
1160,canceled,5/12/14,12/1/15,38,FALSE,TRUE
64,canceled,6/12/14,13/4/15,128,FALSE,TRUE
637,canceled,6/12/14,10/12/14,4,FALSE,TRUE
637,canceled,10/3/15,14/4/15,35,FALSE,TRUE
637,canceled,6/5/15,13/8/15,99,FALSE,TRUE
637,canceled,7/1/15,10/3/15,62,FALSE,TRUE
52,canceled,7/12/14,14/3/15,97,FALSE,TRUE
747,canceled,7/12/14,13/12/14,6,FALSE,TRUE
747,current,2/4/15,,,FALSE,FALSE
450,current,7/12/14,,,FALSE,FALSE
111,canceled,7/12/14,1/3/15,84,FALSE,TRUE
583,canceled,8/12/14,15/5/15,158,FALSE,TRUE
461,current,8/12/14,,,FALSE,FALSE
1199,canceled,8/12/14,15/1/15,38,FALSE,TRUE
743,canceled,9/12/14,16/1/15,38,FALSE,TRUE
474,canceled,9/12/14,16/3/15,97,FALSE,TRUE
960,canceled,9/12/14,15/12/14,6,FALSE,TRUE
667,canceled,9/12/14,16/1/15,38,FALSE,TRUE
1095,canceled,9/12/14,13/12/14,4,FALSE,TRUE
1095,canceled,6/6/15,13/8/15,68,FALSE,TRUE
79,canceled,9/12/14,16/7/15,219,FALSE,TRUE
691,canceled,7/1/15,10/1/15,3,FALSE,TRUE
66,current,7/1/15,,,FALSE,FALSE
197,canceled,7/1/15,14/6/15,158,FALSE,TRUE
67,canceled,7/1/15,14/3/15,66,FALSE,TRUE
678,canceled,8/1/15,15/2/15,38,FALSE,TRUE
873,canceled,8/1/15,30/1/15,22,FALSE,TRUE
623,canceled,8/1/15,15/4/15,97,FALSE,TRUE
623,canceled,7/12/14,14/12/14,7,FALSE,TRUE
791,current,8/1/15,,,FALSE,FALSE
507,canceled,9/1/15,10/3/15,60,FALSE,TRUE
507,current,10/3/15,,,FALSE,FALSE
488,current,9/1/15,,,FALSE,FALSE
488,canceled,15/11/14,20/11/14,5,FALSE,TRUE
270,canceled,9/1/15,31/5/15,142,FALSE,TRUE
362,canceled,9/1/15,5/2/15,27,FALSE,TRUE
362,canceled,5/2/15,16/4/15,70,FALSE,TRUE
263,canceled,10/1/15,17/4/15,97,FALSE,TRUE
263,current,12/8/15,,,FALSE,FALSE
263,canceled,1/6/15,8/7/15,37,FALSE,TRUE
965,canceled,10/1/15,17/4/15,97,FALSE,TRUE
761,canceled,11/1/15,18/2/15,38,FALSE,TRUE
1191,canceled,11/1/15,11/1/15,0,FALSE,TRUE
598,current,12/1/15,,,FALSE,FALSE
785,canceled,12/1/15,10/3/15,57,FALSE,TRUE
785,canceled,8/4/15,19/5/15,41,FALSE,TRUE
785,canceled,10/3/15,8/4/15,29,FALSE,TRUE
989,canceled,12/1/15,18/2/15,37,FALSE,TRUE
989,canceled,8/4/15,19/6/15,72,FALSE,TRUE
989,canceled,18/2/15,8/4/15,49,FALSE,TRUE
28,current,12/1/15,,,FALSE,FALSE
1293,canceled,8/12/14,10/12/14,2,FALSE,TRUE
166,current,8/12/14,,,FALSE,FALSE
682,canceled,8/12/14,15/12/14,7,FALSE,TRUE
682,canceled,7/12/14,7/12/14,0,FALSE,TRUE
682,canceled,8/4/15,15/5/15,37,FALSE,TRUE
1295,canceled,9/12/14,15/12/14,6,FALSE,TRUE
1295,canceled,17/7/15,22/7/15,5,FALSE,TRUE
695,canceled,9/12/14,15/12/14,6,FALSE,TRUE
671,canceled,9/12/14,3/2/15,56,FALSE,TRUE
907,canceled,9/12/14,15/12/14,6,FALSE,TRUE
1121,canceled,29/12/14,12/1/15,14,FALSE,TRUE
1121,canceled,11/11/14,29/12/14,48,FALSE,TRUE
1121,canceled,12/1/15,18/2/15,37,FALSE,TRUE
966,canceled,7/1/15,10/3/15,62,FALSE,TRUE
966,current,10/3/15,,,FALSE,FALSE
442,canceled,7/1/15,10/3/15,62,FALSE,TRUE
442,current,10/3/15,,,FALSE,FALSE
442,canceled,15/3/15,27/4/15,43,FALSE,TRUE
442,current,14/5/15,,,FALSE,FALSE
5,canceled,7/1/15,16/4/15,99,FALSE,TRUE
5,canceled,7/1/15,7/1/15,0,FALSE,TRUE
1283,canceled,7/1/15,10/1/15,3,FALSE,TRUE
592,current,7/1/15,,,FALSE,FALSE
1137,canceled,8/1/15,10/1/15,2,FALSE,TRUE
34,canceled,8/1/15,3/2/15,26,FALSE,TRUE
34,canceled,16/11/14,8/1/15,53,FALSE,TRUE
34,current,3/2/15,,,FALSE,FALSE
824,canceled,9/1/15,31/1/15,22,FALSE,TRUE
824,canceled,10/2/15,4/3/15,22,FALSE,TRUE
0,current,9/1/15,,,FALSE,FALSE
688,canceled,9/1/15,11/1/15,2,FALSE,TRUE
527,current,9/1/15,,,FALSE,FALSE
1304,canceled,10/1/15,10/3/15,59,TRUE,TRUE
1304,canceled,10/3/15,17/6/15,99,TRUE,TRUE
1060,canceled,11/1/15,18/2/15,38,FALSE,TRUE
1010,canceled,11/1/15,11/1/15,0,FALSE,TRUE
745,canceled,11/11/14,13/11/14,2,FALSE,TRUE
227,canceled,12/11/14,19/12/14,37,FALSE,TRUE
227,current,8/4/15,,,FALSE,FALSE
929,canceled,12/11/14,17/11/14,5,FALSE,TRUE
841,canceled,12/11/14,12/11/14,0,FALSE,TRUE
599,canceled,12/11/14,14/1/15,63,FALSE,TRUE
599,canceled,14/1/15,22/1/15,8,FALSE,TRUE
599,current,2/4/15,,,FALSE,FALSE
181,canceled,13/11/14,10/3/15,117,FALSE,TRUE
181,current,10/3/15,,,FALSE,FALSE
1035,canceled,13/11/14,13/11/14,0,FALSE,TRUE
1035,canceled,6/2/15,9/2/15,3,FALSE,TRUE
639,canceled,13/11/14,20/3/15,127,FALSE,TRUE
126,current,14/11/14,,,FALSE,FALSE
254,current,14/11/14,,,FALSE,FALSE
1303,canceled,14/11/14,14/1/15,61,FALSE,TRUE
1303,canceled,10/3/15,8/4/15,29,FALSE,TRUE
1303,canceled,8/4/15,21/4/15,13,FALSE,TRUE
1303,canceled,14/1/15,3/2/15,20,FALSE,TRUE
1303,canceled,3/2/15,10/3/15,35,FALSE,TRUE
969,canceled,14/11/14,22/12/14,38,FALSE,TRUE
869,canceled,14/11/14,21/11/14,7,FALSE,TRUE
972,canceled,15/11/14,14/1/15,60,FALSE,TRUE
972,canceled,14/1/15,10/3/15,55,FALSE,TRUE
972,canceled,10/3/15,22/3/15,12,FALSE,TRUE
334,canceled,16/11/14,10/3/15,114,FALSE,TRUE
334,current,10/3/15,,,FALSE,FALSE
469,current,16/11/14,,,FALSE,FALSE
684,canceled,16/11/14,21/11/14,5,FALSE,TRUE
1012,canceled,17/11/14,21/11/14,4,FALSE,TRUE
33,current,12/1/15,,,FALSE,FALSE
250,current,12/1/15,,,FALSE,FALSE
1109,canceled,12/1/15,16/1/15,4,FALSE,TRUE
486,current,12/1/15,,,FALSE,FALSE
862,canceled,12/1/15,18/1/15,6,FALSE,TRUE
567,current,12/1/15,,,FALSE,FALSE
371,current,13/1/15,,,FALSE,FALSE
765,canceled,13/1/15,18/1/15,5,FALSE,TRUE
1277,canceled,14/1/15,22/1/15,8,FALSE,TRUE
1277,canceled,14/11/14,14/1/15,61,FALSE,TRUE
1071,canceled,14/1/15,17/3/15,62,FALSE,TRUE
1071,canceled,10/11/14,14/1/15,65,FALSE,TRUE
923,canceled,14/1/15,10/3/15,55,FALSE,TRUE
923,canceled,16/11/14,14/1/15,59,FALSE,TRUE
923,current,10/3/15,,,FALSE,FALSE
640,canceled,14/1/15,15/1/15,1,FALSE,TRUE
640,canceled,12/11/14,14/1/15,63,FALSE,TRUE
640,current,1/4/15,,,FALSE,FALSE
640,canceled,15/1/15,15/1/15,0,FALSE,TRUE
640,canceled,15/1/15,10/3/15,54,FALSE,TRUE
640,canceled,10/3/15,1/4/15,22,FALSE,TRUE
1174,canceled,14/1/15,3/2/15,20,FALSE,TRUE
1174,canceled,10/11/14,14/1/15,65,FALSE,TRUE
1174,canceled,3/2/15,17/2/15,14,FALSE,TRUE
1019,canceled,14/1/15,18/1/15,4,FALSE,TRUE
1019,canceled,11/11/14,14/1/15,64,FALSE,TRUE
655,canceled,14/1/15,20/1/15,6,FALSE,TRUE
655,canceled,10/11/14,14/1/15,65,FALSE,TRUE
529,current,3/2/15,,,FALSE,FALSE
529,canceled,8/12/14,3/2/15,57,FALSE,TRUE
222,current,17/11/14,,,FALSE,FALSE
256,canceled,3/12/14,1/4/15,119,FALSE,TRUE
256,canceled,1/4/15,10/6/15,70,FALSE,TRUE
288,current,3/12/14,,,FALSE,FALSE
523,canceled,3/12/14,12/1/15,40,FALSE,TRUE
523,canceled,12/1/15,10/3/15,57,FALSE,TRUE
523,current,10/3/15,,,FALSE,FALSE
24,canceled,3/12/14,10/6/15,189,FALSE,TRUE
922,canceled,3/12/14,8/12/14,5,FALSE,TRUE
707,canceled,3/12/14,3/12/14,0,FALSE,TRUE
397,canceled,4/12/14,1/4/15,118,FALSE,TRUE
397,current,1/4/15,,,FALSE,FALSE
925,canceled,4/12/14,5/12/14,1,FALSE,TRUE
265,canceled,4/12/14,11/1/15,38,FALSE,TRUE
650,canceled,4/12/14,10/12/14,6,FALSE,TRUE
650,canceled,4/3/15,11/8/15,160,FALSE,TRUE
717,canceled,4/12/14,4/12/14,0,FALSE,TRUE
1013,canceled,4/12/14,1/4/15,118,FALSE,TRUE
1013,canceled,1/4/15,11/4/15,10,FALSE,TRUE
618,canceled,5/12/14,12/4/15,128,FALSE,TRUE
1236,canceled,5/12/14,3/2/15,60,FALSE,TRUE
1181,current,5/12/14,,,FALSE,FALSE
1152,canceled,5/12/14,7/12/14,2,FALSE,TRUE
1152,canceled,11/5/15,14/5/15,3,FALSE,TRUE
1152,canceled,16/7/15,22/7/15,6,FALSE,TRUE
1225,canceled,5/12/14,10/12/14,5,FALSE,TRUE
727,canceled,7/12/14,7/12/14,0,FALSE,TRUE
866,canceled,7/12/14,14/1/15,38,FALSE,TRUE
1201,canceled,7/12/14,14/1/15,38,FALSE,TRUE
982,canceled,8/12/14,9/12/14,1,FALSE,TRUE
193,canceled,8/12/14,1/4/15,114,FALSE,TRUE
193,current,1/4/15,,,FALSE,FALSE
710,canceled,8/12/14,3/2/15,57,FALSE,TRUE
710,canceled,3/2/15,15/2/15,12,FALSE,TRUE
1273,canceled,12/1/15,12/1/15,0,FALSE,TRUE
1280,canceled,12/1/15,15/1/15,3,FALSE,TRUE
180,canceled,12/1/15,10/3/15,57,FALSE,TRUE
180,current,8/4/15,,,FALSE,FALSE
180,canceled,10/3/15,8/4/15,29,FALSE,TRUE
722,canceled,12/1/15,10/3/15,57,FALSE,TRUE
722,canceled,10/3/15,19/5/15,70,FALSE,TRUE
125,current,13/1/15,,,FALSE,FALSE
954,canceled,14/1/15,10/3/15,55,FALSE,TRUE
954,canceled,10/3/15,2/4/15,23,FALSE,TRUE
954,canceled,10/11/14,14/1/15,65,FALSE,TRUE
140,current,14/1/15,,,FALSE,FALSE
140,canceled,10/11/14,14/1/15,65,FALSE,TRUE
1139,canceled,14/1/15,16/1/15,2,FALSE,TRUE
1139,canceled,16/1/15,18/2/15,33,FALSE,TRUE
1139,canceled,11/11/14,14/1/15,64,FALSE,TRUE
388,current,3/2/15,,,FALSE,FALSE
388,canceled,8/12/14,3/2/15,57,FALSE,TRUE
147,current,3/2/15,,,FALSE,FALSE
147,canceled,3/12/14,3/2/15,62,FALSE,TRUE
119,canceled,3/2/15,8/4/15,64,FALSE,TRUE
119,current,8/4/15,,,FALSE,FALSE
119,canceled,3/12/14,3/2/15,62,FALSE,TRUE
97,canceled,5/2/15,8/4/15,62,FALSE,TRUE
97,current,8/4/15,,,FALSE,FALSE
962,canceled,5/2/15,6/2/15,1,FALSE,TRUE
962,canceled,4/12/14,5/12/14,1,FALSE,TRUE
984,canceled,5/2/15,12/3/15,35,FALSE,TRUE
984,current,13/8/15,,,FALSE,FALSE
444,canceled,5/2/15,8/4/15,62,FALSE,TRUE
444,current,8/4/15,,,FALSE,FALSE
444,canceled,4/12/14,6/12/14,2,FALSE,TRUE
493,current,5/2/15,,,FALSE,FALSE
435,current,6/2/15,,,FALSE,FALSE
386,canceled,6/2/15,8/4/15,61,FALSE,TRUE
386,canceled,8/4/15,13/6/15,66,FALSE,TRUE
386,canceled,13/1/15,17/1/15,4,FALSE,TRUE
156,current,10/11/14,,,FALSE,FALSE
649,canceled,10/11/14,17/3/15,127,FALSE,TRUE
145,current,10/11/14,,,FALSE,FALSE
420,current,10/11/14,,,FALSE,FALSE
582,current,10/11/14,,,FALSE,FALSE
165,canceled,10/11/14,17/3/15,127,FALSE,TRUE
580,canceled,10/11/14,17/7/15,249,FALSE,TRUE
919,canceled,10/11/14,17/3/15,127,FALSE,TRUE
90,canceled,10/11/14,10/3/15,120,FALSE,TRUE
90,canceled,10/3/15,1/4/15,22,FALSE,TRUE
90,current,1/4/15,,,FALSE,FALSE
312,canceled,10/11/14,10/3/15,120,TRUE,TRUE
312,canceled,10/3/15,1/4/15,22,TRUE,TRUE
312,canceled,1/4/15,2/7/15,92,TRUE,TRUE
312,current,8/7/15,,,TRUE,FALSE
864,canceled,10/11/14,19/11/14,9,FALSE,TRUE
963,canceled,10/11/14,14/11/14,4,FALSE,TRUE
328,current,10/11/14,,,FALSE,FALSE
1122,canceled,10/11/14,17/11/14,7,FALSE,TRUE
626,canceled,10/11/14,19/11/14,9,FALSE,TRUE
626,canceled,4/3/15,11/5/15,68,FALSE,TRUE
1238,canceled,10/11/14,10/11/14,0,FALSE,TRUE
1117,canceled,11/11/14,15/1/15,65,FALSE,TRUE
187,canceled,12/11/14,19/4/15,158,FALSE,TRUE
617,current,12/11/14,,,FALSE,FALSE
547,canceled,3/2/15,16/8/15,194,FALSE,TRUE
547,canceled,9/12/14,3/2/15,56,FALSE,TRUE
159,canceled,5/2/15,12/2/15,7,FALSE,TRUE
159,canceled,9/12/14,3/2/15,56,FALSE,TRUE
159,current,12/2/15,,,FALSE,FALSE
561,current,5/2/15,,,FALSE,FALSE
1226,canceled,5/2/15,8/4/15,62,FALSE,TRUE
1226,canceled,8/4/15,12/5/15,34,FALSE,TRUE
352,current,5/2/15,,,FALSE,FALSE
374,current,6/2/15,,,FALSE,FALSE
857,canceled,6/2/15,8/4/15,61,FALSE,TRUE
857,current,8/4/15,,,FALSE,FALSE
1044,canceled,8/2/15,8/2/15,0,FALSE,TRUE
143,canceled,9/2/15,16/6/15,127,FALSE,TRUE
138,canceled,10/2/15,8/4/15,57,FALSE,TRUE
138,current,8/4/15,,,FALSE,FALSE
952,canceled,11/2/15,18/3/15,35,FALSE,TRUE
716,canceled,11/2/15,15/2/15,4,FALSE,TRUE
1233,canceled,11/2/15,16/2/15,5,FALSE,TRUE
416,canceled,11/2/15,16/2/15,5,FALSE,TRUE
416,canceled,8/4/15,15/7/15,98,FALSE,TRUE
477,canceled,4/3/15,11/7/15,129,FALSE,TRUE
132,canceled,4/3/15,11/6/15,99,FALSE,TRUE
624,canceled,4/3/15,26/6/15,114,FALSE,TRUE
50,current,4/3/15,,,FALSE,FALSE
1297,canceled,4/3/15,9/3/15,5,FALSE,TRUE
1297,canceled,5/2/15,8/2/15,3,FALSE,TRUE
749,canceled,5/3/15,5/3/15,0,FALSE,TRUE
1247,canceled,5/3/15,12/4/15,38,FALSE,TRUE
607,current,5/3/15,,,FALSE,FALSE
971,canceled,6/2/15,8/2/15,2,FALSE,TRUE
251,canceled,6/2/15,8/4/15,61,FALSE,TRUE
251,current,8/4/15,,,FALSE,FALSE
709,canceled,8/2/15,15/3/15,35,FALSE,TRUE
564,canceled,8/2/15,8/4/15,59,FALSE,TRUE
564,current,8/4/15,,,FALSE,FALSE
741,canceled,9/2/15,15/2/15,6,FALSE,TRUE
70,current,9/2/15,,,FALSE,FALSE
792,canceled,9/2/15,16/6/15,127,FALSE,TRUE
494,current,9/2/15,,,FALSE,FALSE
494,canceled,10/11/14,17/11/14,7,FALSE,TRUE
833,canceled,9/2/15,3/3/15,22,FALSE,TRUE
603,current,9/2/15,,,FALSE,FALSE
307,current,10/2/15,,,FALSE,FALSE
337,current,10/2/15,,,FALSE,FALSE
823,canceled,10/2/15,8/4/15,57,FALSE,TRUE
823,canceled,8/4/15,17/5/15,39,FALSE,TRUE
30,current,10/2/15,,,FALSE,FALSE
82,current,5/3/15,,,FALSE,FALSE
348,current,5/3/15,,,FALSE,FALSE
348,canceled,5/2/15,27/2/15,22,FALSE,TRUE
1097,canceled,5/3/15,11/3/15,6,FALSE,TRUE
139,current,6/3/15,,,FALSE,FALSE
1129,canceled,7/3/15,7/3/15,0,FALSE,TRUE
1129,canceled,11/2/15,11/2/15,0,FALSE,TRUE
185,canceled,12/11/14,10/3/15,118,FALSE,TRUE
185,canceled,10/3/15,1/4/15,22,FALSE,TRUE
185,current,1/4/15,,,FALSE,FALSE
281,current,14/11/14,,,FALSE,FALSE
855,canceled,14/11/14,21/12/14,37,FALSE,TRUE
683,canceled,14/11/14,15/11/14,1,FALSE,TRUE
1041,canceled,15/11/14,21/11/14,6,FALSE,TRUE
908,canceled,15/11/14,16/11/14,1,FALSE,TRUE
191,canceled,16/11/14,10/3/15,114,FALSE,TRUE
191,current,10/3/15,,,FALSE,FALSE
261,canceled,16/11/14,23/2/15,99,FALSE,TRUE
1017,canceled,16/11/14,20/11/14,4,FALSE,TRUE
415,canceled,16/11/14,10/3/15,114,FALSE,TRUE
415,current,10/3/15,,,FALSE,FALSE
868,canceled,16/11/14,8/12/14,22,FALSE,TRUE
935,canceled,16/11/14,23/11/14,7,FALSE,TRUE
719,canceled,17/11/14,25/11/14,8,FALSE,TRUE
974,canceled,8/12/14,12/12/14,4,FALSE,TRUE
668,canceled,9/12/14,15/12/14,6,FALSE,TRUE
668,canceled,13/1/15,20/1/15,7,FALSE,TRUE
1180,canceled,9/12/14,13/12/14,4,FALSE,TRUE
1027,canceled,9/12/14,13/12/14,4,FALSE,TRUE
836,canceled,9/12/14,16/1/15,38,FALSE,TRUE
836,current,16/7/15,,,FALSE,FALSE
319,current,30/12/14,,,FALSE,FALSE
108,canceled,7/1/15,20/4/15,103,FALSE,TRUE
108,canceled,20/4/15,14/5/15,24,FALSE,TRUE
285,canceled,7/1/15,10/3/15,62,FALSE,TRUE
285,current,10/3/15,,,FALSE,FALSE
1008,canceled,7/1/15,14/1/15,7,FALSE,TRUE
71,canceled,7/1/15,13/1/15,6,FALSE,TRUE
71,canceled,11/2/15,18/2/15,7,FALSE,TRUE
71,current,7/4/15,,,FALSE,FALSE
1073,current,7/1/15,,,FALSE,FALSE
842,canceled,7/1/15,9/1/15,2,FALSE,TRUE
818,canceled,7/1/15,12/1/15,5,TRUE,TRUE
421,current,8/1/15,,,FALSE,FALSE
698,canceled,8/1/15,15/2/15,38,FALSE,TRUE
9,current,8/1/15,,,FALSE,FALSE
144,canceled,9/1/15,10/1/15,1,FALSE,TRUE
144,current,6/3/15,,,FALSE,FALSE
427,canceled,9/1/15,16/6/15,158,FALSE,TRUE
1212,canceled,10/1/15,1/2/15,22,FALSE,TRUE
1212,canceled,19/7/15,27/7/15,8,FALSE,TRUE
1140,canceled,10/1/15,17/2/15,38,FALSE,TRUE
344,current,11/1/15,,,FALSE,FALSE
517,current,6/3/15,,,FALSE,FALSE
703,canceled,6/3/15,9/3/15,3,FALSE,TRUE
505,canceled,7/3/15,14/5/15,68,FALSE,TRUE
171,canceled,8/3/15,15/6/15,99,FALSE,TRUE
586,current,10/3/15,,,FALSE,FALSE
492,current,10/3/15,,,FALSE,FALSE
1102,canceled,10/3/15,8/4/15,29,FALSE,TRUE
1102,canceled,8/1/15,10/3/15,61,FALSE,TRUE
1102,canceled,8/4/15,15/6/15,68,FALSE,TRUE
1287,canceled,10/3/15,20/5/15,71,FALSE,TRUE
1287,canceled,13/1/15,10/3/15,56,FALSE,TRUE
1254,canceled,10/3/15,17/3/15,7,FALSE,TRUE
1254,canceled,10/1/15,10/3/15,59,FALSE,TRUE
1259,current,10/3/15,,,FALSE,FALSE
1259,canceled,13/1/15,10/3/15,56,FALSE,TRUE
1128,canceled,11/3/15,18/6/15,99,FALSE,TRUE
149,current,11/3/15,,,FALSE,FALSE
78,current,1/4/15,,,FALSE,FALSE
78,canceled,8/12/14,1/4/15,114,FALSE,TRUE
558,current,1/4/15,,,FALSE,FALSE
558,canceled,3/12/14,1/4/15,119,FALSE,TRUE
153,canceled,1/4/15,14/7/15,104,FALSE,TRUE
153,canceled,7/12/14,1/4/15,115,FALSE,TRUE
473,canceled,1/4/15,15/4/15,14,FALSE,TRUE
473,canceled,8/12/14,1/4/15,114,FALSE,TRUE
246,current,1/4/15,,,FALSE,FALSE
455,current,1/4/15,,,FALSE,FALSE
1294,canceled,10/3/15,16/3/15,6,FALSE,TRUE
1294,canceled,8/4/15,9/4/15,1,FALSE,TRUE
106,current,10/3/15,,,FALSE,FALSE
106,canceled,11/11/14,10/3/15,119,FALSE,TRUE
74,canceled,10/3/15,1/4/15,22,FALSE,TRUE
74,canceled,1/4/15,23/4/15,22,FALSE,TRUE
74,canceled,15/11/14,10/3/15,115,FALSE,TRUE
591,canceled,10/3/15,1/4/15,22,FALSE,TRUE
591,current,1/4/15,,,FALSE,FALSE
591,canceled,12/11/14,10/3/15,118,FALSE,TRUE
419,canceled,10/3/15,8/8/15,151,FALSE,TRUE
419,canceled,17/11/14,10/3/15,113,FALSE,TRUE
31,current,10/3/15,,,FALSE,FALSE
31,canceled,10/11/14,10/3/15,120,FALSE,TRUE
69,canceled,10/3/15,24/5/15,75,FALSE,TRUE
69,canceled,17/11/14,10/3/15,113,FALSE,TRUE
906,current,10/3/15,,,FALSE,FALSE
906,canceled,17/11/14,10/3/15,113,FALSE,TRUE
601,current,10/3/15,,,FALSE,FALSE
601,canceled,10/11/14,10/3/15,120,FALSE,TRUE
321,canceled,10/3/15,7/7/15,119,FALSE,TRUE
321,current,9/7/15,,,FALSE,FALSE
321,canceled,15/11/14,10/3/15,115,FALSE,TRUE
99,canceled,10/3/15,20/8/15,163,FALSE,TRUE
99,canceled,13/1/15,10/3/15,56,FALSE,TRUE
1103,canceled,10/3/15,20/7/15,132,FALSE,TRUE
1103,canceled,13/1/15,10/3/15,56,FALSE,TRUE
685,canceled,10/3/15,17/3/15,7,FALSE,TRUE
1066,canceled,10/3/15,2/5/15,53,FALSE,TRUE
659,canceled,10/3/15,15/3/15,5,FALSE,TRUE
571,current,1/4/15,,,FALSE,FALSE
571,canceled,8/12/14,1/4/15,114,FALSE,TRUE
426,canceled,1/4/15,2/4/15,1,FALSE,TRUE
426,canceled,7/5/15,14/8/15,99,FALSE,TRUE
1267,current,2/4/15,,,FALSE,FALSE
392,current,2/4/15,,,FALSE,FALSE
98,canceled,2/4/15,9/7/15,98,FALSE,TRUE
578,current,2/4/15,,,FALSE,FALSE
86,current,2/4/15,,,FALSE,FALSE
158,current,4/4/15,,,FALSE,FALSE
1193,canceled,4/4/15,7/4/15,3,FALSE,TRUE
757,canceled,11/1/15,18/2/15,38,FALSE,TRUE
151,canceled,11/1/15,2/4/15,81,FALSE,TRUE
642,current,11/1/15,,,FALSE,FALSE
534,canceled,12/1/15,19/4/15,97,FALSE,TRUE
214,current,12/1/15,,,FALSE,FALSE
597,canceled,12/1/15,19/7/15,188,FALSE,TRUE
1242,canceled,12/1/15,10/3/15,57,FALSE,TRUE
1242,current,10/3/15,,,FALSE,FALSE
732,canceled,12/1/15,19/5/15,127,FALSE,TRUE
168,canceled,12/1/15,19/1/15,7,FALSE,TRUE
168,canceled,5/2/15,8/4/15,62,FALSE,TRUE
168,current,8/4/15,,,FALSE,FALSE
657,canceled,13/1/15,10/3/15,56,FALSE,TRUE
657,canceled,10/3/15,20/3/15,10,FALSE,TRUE
152,current,17/11/14,,,FALSE,FALSE
1166,canceled,3/12/14,10/12/14,7,FALSE,TRUE
539,current,3/12/14,,,FALSE,FALSE
1132,canceled,3/12/14,8/12/14,5,FALSE,TRUE
959,canceled,3/12/14,8/12/14,5,FALSE,TRUE
831,canceled,3/12/14,10/1/15,38,FALSE,TRUE
1015,canceled,3/12/14,3/2/15,62,FALSE,TRUE
1251,current,5/12/14,,,FALSE,FALSE
613,current,5/12/14,,,FALSE,FALSE
1245,canceled,5/12/14,9/12/14,4,FALSE,TRUE
611,canceled,8/12/14,15/1/15,38,FALSE,TRUE
453,current,8/12/14,,,FALSE,FALSE
62,canceled,8/12/14,15/7/15,219,FALSE,TRUE
380,current,8/12/14,,,FALSE,FALSE
697,canceled,8/12/14,15/1/15,38,FALSE,TRUE
43,canceled,8/12/14,30/3/15,112,FALSE,TRUE
451,current,1/4/15,,,FALSE,FALSE
1037,canceled,2/4/15,4/4/15,2,FALSE,TRUE
625,current,2/4/15,,,FALSE,FALSE
769,canceled,3/4/15,25/4/15,22,FALSE,TRUE
1301,canceled,3/4/15,4/4/15,1,FALSE,TRUE
1123,canceled,3/4/15,10/5/15,37,FALSE,TRUE
1154,current,5/4/15,,,FALSE,FALSE
853,canceled,6/4/15,6/4/15,0,FALSE,TRUE
853,current,17/7/15,,,FALSE,FALSE
918,canceled,6/4/15,28/5/15,52,FALSE,TRUE
1248,canceled,6/4/15,13/5/15,37,FALSE,TRUE
1189,canceled,7/4/15,14/5/15,37,FALSE,TRUE
1285,canceled,7/4/15,14/5/15,37,FALSE,TRUE
1296,canceled,7/4/15,14/4/15,7,FALSE,TRUE
1296,canceled,15/4/15,15/4/15,0,FALSE,TRUE
1296,canceled,6/4/15,7/4/15,1,FALSE,TRUE
844,canceled,7/4/15,16/4/15,9,FALSE,TRUE
844,canceled,6/5/15,12/5/15,6,FALSE,TRUE
690,current,8/4/15,,,FALSE,FALSE
690,canceled,5/2/15,8/4/15,62,FALSE,TRUE
424,current,6/4/15,,,FALSE,FALSE
926,canceled,6/4/15,6/4/15,0,FALSE,TRUE
379,current,7/4/15,,,FALSE,FALSE
379,canceled,12/1/15,12/1/15,0,FALSE,TRUE
1138,canceled,7/4/15,12/4/15,5,FALSE,TRUE
641,canceled,7/4/15,14/6/15,68,FALSE,TRUE
641,canceled,9/12/14,15/12/14,6,FALSE,TRUE
404,canceled,7/4/15,8/4/15,1,FALSE,TRUE
404,canceled,8/4/15,17/8/15,131,FALSE,TRUE
105,canceled,7/4/15,14/5/15,37,FALSE,TRUE
395,current,8/4/15,,,FALSE,FALSE
1299,current,8/4/15,,,FALSE,FALSE
1299,canceled,5/2/15,8/4/15,62,FALSE,TRUE
589,current,8/4/15,,,FALSE,FALSE
589,canceled,5/2/15,8/4/15,62,FALSE,TRUE
793,canceled,8/4/15,17/4/15,9,FALSE,TRUE
793,canceled,10/2/15,8/4/15,57,FALSE,TRUE
433,current,8/4/15,,,FALSE,FALSE
677,canceled,8/4/15,14/4/15,6,FALSE,TRUE
243,canceled,9/4/15,15/4/15,6,FALSE,TRUE
243,canceled,16/11/14,23/1/15,68,FALSE,TRUE
555,current,9/4/15,,,FALSE,FALSE
1104,canceled,10/4/15,17/4/15,7,FALSE,TRUE
676,current,13/4/15,,,FALSE,FALSE
127,current,24/4/15,,,FALSE,FALSE
201,current,24/4/15,,,FALSE,FALSE
396,current,24/4/15,,,FALSE,FALSE
267,current,24/4/15,,,FALSE,FALSE
240,current,24/4/15,,,FALSE,FALSE
894,canceled,6/5/15,12/5/15,6,FALSE,TRUE
647,current,6/5/15,,,FALSE,FALSE
1163,canceled,6/5/15,13/6/15,38,FALSE,TRUE
948,canceled,6/5/15,22/6/15,47,FALSE,TRUE
1202,canceled,7/5/15,14/6/15,38,FALSE,TRUE
559,current,7/5/15,,,FALSE,FALSE
476,current,8/5/15,,,FALSE,FALSE
970,canceled,8/5/15,14/5/15,6,FALSE,TRUE
970,canceled,17/7/15,23/7/15,6,FALSE,TRUE
711,canceled,8/5/15,8/5/15,0,FALSE,TRUE
790,canceled,9/12/14,15/12/14,6,FALSE,TRUE
867,canceled,9/12/14,31/12/14,22,FALSE,TRUE
516,canceled,9/12/14,11/12/14,2,FALSE,TRUE
516,current,11/5/15,,,FALSE,FALSE
1292,canceled,7/1/15,14/5/15,127,FALSE,TRUE
77,current,7/1/15,,,FALSE,FALSE
56,current,7/1/15,,,FALSE,FALSE
93,canceled,7/1/15,14/4/15,97,FALSE,TRUE
207,current,7/1/15,,,FALSE,FALSE
103,current,7/1/15,,,FALSE,FALSE
460,canceled,7/1/15,5/5/15,118,FALSE,TRUE
460,current,7/5/15,,,FALSE,FALSE
610,canceled,7/1/15,14/3/15,66,FALSE,TRUE
446,current,7/1/15,,,FALSE,FALSE
232,current,8/1/15,,,FALSE,FALSE
670,canceled,8/1/15,15/4/15,97,FALSE,TRUE
1134,canceled,8/1/15,9/1/15,1,FALSE,TRUE
515,current,8/1/15,,,FALSE,FALSE
803,canceled,8/1/15,8/1/15,0,FALSE,TRUE
1141,canceled,9/1/15,15/1/15,6,FALSE,TRUE
59,current,10/1/15,,,FALSE,FALSE
900,canceled,10/1/15,17/2/15,38,FALSE,TRUE
900,current,11/5/15,,,FALSE,FALSE
774,canceled,11/1/15,15/1/15,4,FALSE,TRUE
1053,canceled,11/1/15,18/3/15,66,FALSE,TRUE
357,current,11/1/15,,,FALSE,FALSE
934,canceled,11/1/15,18/2/15,38,FALSE,TRUE
746,canceled,5/2/15,12/3/15,35,FALSE,TRUE
279,canceled,5/2/15,8/4/15,62,FALSE,TRUE
279,current,8/4/15,,,FALSE,FALSE
136,canceled,5/2/15,8/4/15,62,FALSE,TRUE
136,current,8/4/15,,,FALSE,FALSE
1092,canceled,5/2/15,9/2/15,4,FALSE,TRUE
799,canceled,6/2/15,6/2/15,0,FALSE,TRUE
1042,canceled,6/2/15,28/2/15,22,FALSE,TRUE
1042,canceled,28/5/15,19/6/15,22,FALSE,TRUE
789,canceled,6/2/15,6/2/15,0,FALSE,TRUE
413,canceled,6/2/15,13/5/15,96,FALSE,TRUE
738,canceled,7/2/15,13/2/15,6,FALSE,TRUE
306,canceled,8/2/15,8/4/15,59,FALSE,TRUE
306,current,8/4/15,,,FALSE,FALSE
436,current,8/2/15,,,FALSE,FALSE
35,current,8/2/15,,,FALSE,FALSE
463,current,9/2/15,,,FALSE,FALSE
1105,canceled,9/2/15,13/2/15,4,FALSE,TRUE
284,canceled,9/2/15,8/4/15,58,FALSE,TRUE
284,current,8/4/15,,,FALSE,FALSE
521,canceled,9/2/15,8/4/15,58,FALSE,TRUE
521,canceled,8/4/15,16/7/15,99,FALSE,TRUE
1229,canceled,9/2/15,12/2/15,3,FALSE,TRUE
1049,canceled,10/2/15,4/3/15,22,FALSE,TRUE
1198,canceled,11/2/15,15/2/15,4,FALSE,TRUE
1198,canceled,4/3/15,11/4/15,38,FALSE,TRUE
720,canceled,4/3/15,11/4/15,38,FALSE,TRUE
239,current,4/3/15,,,FALSE,FALSE
819,canceled,4/3/15,4/3/15,0,FALSE,TRUE
819,canceled,4/3/15,4/3/15,0,FALSE,TRUE
958,canceled,4/3/15,7/6/15,95,FALSE,TRUE
718,canceled,8/5/15,19/6/15,42,FALSE,TRUE
475,current,9/5/15,,,FALSE,FALSE
276,current,10/5/15,,,FALSE,FALSE
608,current,10/5/15,,,FALSE,FALSE
293,canceled,10/5/15,17/8/15,99,FALSE,TRUE
341,current,10/5/15,,,FALSE,FALSE
501,current,11/5/15,,,FALSE,FALSE
858,canceled,12/5/15,19/7/15,68,FALSE,TRUE
713,canceled,12/5/15,4/7/15,53,FALSE,TRUE
1040,canceled,12/5/15,19/6/15,38,FALSE,TRUE
1040,canceled,11/11/14,17/11/14,6,FALSE,TRUE
1305,canceled,12/5/15,19/6/15,38,FALSE,TRUE
1091,canceled,12/5/15,18/5/15,6,FALSE,TRUE
1192,canceled,12/5/15,17/5/15,5,FALSE,TRUE
25,current,12/5/15,,,FALSE,FALSE
25,canceled,11/11/14,18/2/15,99,FALSE,TRUE
674,current,12/5/15,,,FALSE,FALSE
734,canceled,13/5/15,17/5/15,4,FALSE,TRUE
988,canceled,13/5/15,20/7/15,68,FALSE,TRUE
771,current,13/5/15,,,FALSE,FALSE
771,canceled,9/12/14,15/12/14,6,FALSE,TRUE
1016,canceled,13/5/15,19/5/15,6,FALSE,TRUE
877,canceled,13/5/15,4/6/15,22,FALSE,TRUE
63,current,28/5/15,,,FALSE,FALSE
481,current,28/5/15,,,FALSE,FALSE
902,canceled,29/5/15,29/5/15,0,FALSE,TRUE
996,canceled,29/5/15,29/5/15,0,FALSE,TRUE
42,current,30/5/15,,,FALSE,FALSE
42,canceled,4/3/15,11/5/15,68,FALSE,TRUE
939,current,24/4/15,,,FALSE,FALSE
11,current,24/4/15,,,FALSE,FALSE
262,current,24/4/15,,,FALSE,FALSE
167,current,24/4/15,,,FALSE,FALSE
302,current,24/4/15,,,FALSE,FALSE
551,current,24/4/15,,,FALSE,FALSE
609,current,24/4/15,,,FALSE,FALSE
109,current,6/5/15,,,FALSE,FALSE
211,current,6/5/15,,,FALSE,FALSE
274,current,6/5/15,,,FALSE,FALSE
704,canceled,6/5/15,13/7/15,68,FALSE,TRUE
407,canceled,6/5/15,13/8/15,99,FALSE,TRUE
360,current,6/5/15,,,FALSE,FALSE
540,current,8/5/15,,,FALSE,FALSE
1173,current,8/5/15,,,FALSE,FALSE
886,canceled,8/5/15,13/5/15,5,FALSE,TRUE
112,current,8/5/15,,,FALSE,FALSE
479,current,9/5/15,,,FALSE,FALSE
1275,canceled,9/5/15,11/5/15,2,FALSE,TRUE
237,current,10/5/15,,,FALSE,FALSE
487,current,10/5/15,,,FALSE,FALSE
304,current,10/5/15,,,FALSE,FALSE
330,current,10/5/15,,,FALSE,FALSE
1250,current,11/5/15,,,FALSE,FALSE
27,current,11/5/15,,,FALSE,FALSE
1064,canceled,11/5/15,12/5/15,1,FALSE,TRUE
714,canceled,11/5/15,14/5/15,3,FALSE,TRUE
714,canceled,9/7/15,12/7/15,3,FALSE,TRUE
260,current,11/5/15,,,FALSE,FALSE
511,current,11/5/15,,,FALSE,FALSE
1029,canceled,12/5/15,4/7/15,53,FALSE,TRUE
399,current,12/5/15,,,FALSE,FALSE
977,current,12/5/15,,,FALSE,FALSE
556,current,12/5/15,,,FALSE,FALSE
1265,current,12/5/15,,,FALSE,FALSE
1265,canceled,8/4/15,14/4/15,6,FALSE,TRUE
252,current,12/5/15,,,FALSE,FALSE
1213,canceled,12/1/15,12/1/15,0,FALSE,TRUE
991,canceled,12/1/15,18/1/15,6,FALSE,TRUE
733,canceled,12/1/15,12/1/15,0,FALSE,TRUE
1240,canceled,12/1/15,19/1/15,7,FALSE,TRUE
1195,canceled,13/1/15,16/1/15,3,FALSE,TRUE
945,canceled,13/1/15,17/1/15,4,FALSE,TRUE
100,current,5/2/15,,,FALSE,FALSE
313,current,5/2/15,,,FALSE,FALSE
465,canceled,5/2/15,12/8/15,188,FALSE,TRUE
615,current,5/3/15,,,FALSE,FALSE
372,current,6/3/15,,,FALSE,FALSE
614,current,6/3/15,,,FALSE,FALSE
1045,canceled,6/3/15,12/3/15,6,FALSE,TRUE
208,canceled,8/3/15,15/6/15,99,FALSE,TRUE
944,canceled,10/3/15,12/3/15,2,FALSE,TRUE
652,current,10/3/15,,,FALSE,FALSE
1168,canceled,10/3/15,16/3/15,6,FALSE,TRUE
1260,canceled,11/3/15,18/5/15,68,FALSE,TRUE
1194,canceled,11/3/15,8/7/15,119,FALSE,TRUE
361,canceled,13/5/15,20/6/15,38,FALSE,TRUE
1185,current,13/5/15,,,FALSE,FALSE
490,current,13/5/15,,,FALSE,FALSE
365,current,13/5/15,,,FALSE,FALSE
1237,canceled,28/5/15,28/5/15,0,FALSE,TRUE
220,current,29/5/15,,,FALSE,FALSE
220,canceled,7/4/15,29/5/15,52,FALSE,TRUE
124,current,31/5/15,,,FALSE,FALSE
1069,canceled,1/6/15,1/6/15,0,TRUE,TRUE
814,canceled,2/6/15,7/6/15,5,FALSE,TRUE
496,current,3/6/15,,,FALSE,FALSE
405,current,4/6/15,,,FALSE,FALSE
405,canceled,3/6/15,4/6/15,1,FALSE,TRUE
452,current,4/6/15,,,FALSE,FALSE
318,current,5/6/15,,,FALSE,FALSE
266,current,6/6/15,,,FALSE,FALSE
219,current,6/6/15,,,FALSE,FALSE
83,current,6/6/15,,,FALSE,FALSE
1266,canceled,7/6/15,16/6/15,9,FALSE,TRUE
121,current,7/6/15,,,FALSE,FALSE
679,canceled,8/6/15,13/6/15,5,FALSE,TRUE
459,current,8/6/15,,,FALSE,FALSE
735,canceled,8/6/15,9/6/15,1,FALSE,TRUE
735,canceled,14/4/15,21/5/15,37,FALSE,TRUE
1032,current,8/6/15,,,FALSE,FALSE
1093,canceled,8/6/15,11/6/15,3,FALSE,TRUE
128,current,8/6/15,,,FALSE,FALSE
978,canceled,9/6/15,14/6/15,5,FALSE,TRUE
1031,current,9/6/15,,,FALSE,FALSE
673,current,1/6/15,,,FALSE,FALSE
663,canceled,2/6/15,9/6/15,7,FALSE,TRUE
663,canceled,9/6/15,15/6/15,6,FALSE,TRUE
843,current,2/6/15,,,FALSE,FALSE
216,current,2/6/15,,,FALSE,FALSE
731,canceled,3/6/15,7/6/15,4,FALSE,TRUE
554,current,7/6/15,,,FALSE,FALSE
1183,canceled,8/6/15,30/6/15,22,FALSE,TRUE
1183,canceled,17/7/15,8/8/15,22,FALSE,TRUE
1183,canceled,11/5/15,2/6/15,22,FALSE,TRUE
133,current,8/6/15,,,FALSE,FALSE
887,current,8/6/15,,,FALSE,FALSE
248,current,9/6/15,,,FALSE,FALSE
629,current,9/6/15,,,FALSE,FALSE
478,current,9/6/15,,,FALSE,FALSE
804,canceled,9/6/15,16/7/15,37,FALSE,TRUE
721,canceled,9/6/15,16/6/15,7,FALSE,TRUE
721,canceled,9/7/15,15/7/15,6,FALSE,TRUE
1086,canceled,9/6/15,9/6/15,0,FALSE,TRUE
951,canceled,8/7/15,11/7/15,3,FALSE,TRUE
1096,canceled,8/7/15,15/7/15,7,FALSE,TRUE
1096,current,15/7/15,,,FALSE,FALSE
163,current,9/7/15,,,FALSE,FALSE
1169,canceled,10/7/15,17/7/15,7,FALSE,TRUE
1126,canceled,10/7/15,15/7/15,5,FALSE,TRUE
813,canceled,11/7/15,17/7/15,6,FALSE,TRUE
1208,canceled,5/2/15,13/3/15,36,FALSE,TRUE
1207,canceled,6/2/15,28/2/15,22,FALSE,TRUE
602,canceled,6/2/15,13/8/15,188,FALSE,TRUE
1153,canceled,6/2/15,13/3/15,35,FALSE,TRUE
605,current,6/2/15,,,FALSE,FALSE
1210,canceled,7/2/15,14/3/15,35,FALSE,TRUE
916,canceled,8/2/15,15/4/15,66,FALSE,TRUE
381,current,9/2/15,,,FALSE,FALSE
666,canceled,9/2/15,16/4/15,66,FALSE,TRUE
26,current,11/2/15,,,FALSE,FALSE
508,current,4/3/15,,,FALSE,FALSE
509,current,5/3/15,,,FALSE,FALSE
753,canceled,5/3/15,12/4/15,38,FALSE,TRUE
1190,canceled,6/3/15,6/3/15,0,FALSE,TRUE
141,canceled,7/3/15,14/5/15,68,FALSE,TRUE
432,current,9/3/15,,,FALSE,FALSE
375,current,9/3/15,,,FALSE,FALSE
183,current,1/4/15,,,FALSE,FALSE
400,current,1/4/15,,,FALSE,FALSE
585,current,1/4/15,,,FALSE,FALSE
13,current,1/4/15,,,FALSE,FALSE
205,current,1/4/15,,,FALSE,FALSE
914,canceled,2/4/15,2/4/15,0,FALSE,TRUE
914,canceled,17/7/15,17/7/15,0,FALSE,TRUE
593,current,2/4/15,,,FALSE,FALSE
437,current,2/4/15,,,FALSE,FALSE
468,current,2/4/15,,,FALSE,FALSE
729,canceled,3/4/15,25/4/15,22,FALSE,TRUE
22,current,3/4/15,,,FALSE,FALSE
449,current,3/4/15,,,FALSE,FALSE
482,current,3/4/15,,,FALSE,FALSE
349,current,3/4/15,,,FALSE,FALSE
994,canceled,5/4/15,6/4/15,1,FALSE,TRUE
1089,canceled,6/4/15,13/5/15,37,FALSE,TRUE
651,canceled,6/4/15,13/6/15,68,FALSE,TRUE
1054,canceled,7/4/15,14/8/15,129,FALSE,TRUE
289,canceled,7/4/15,14/7/15,98,FALSE,TRUE
796,canceled,7/4/15,16/4/15,9,FALSE,TRUE
104,current,10/4/15,,,FALSE,FALSE
286,current,8/7/15,,,FALSE,FALSE
812,current,9/7/15,,,FALSE,FALSE
462,current,9/7/15,,,FALSE,FALSE
1001,current,9/7/15,,,FALSE,FALSE
213,current,14/7/15,,,FALSE,FALSE
359,current,15/7/15,,,FALSE,FALSE
915,canceled,16/7/15,22/7/15,6,FALSE,TRUE
21,current,17/7/15,,,FALSE,FALSE
633,current,17/7/15,,,FALSE,FALSE
1279,canceled,17/7/15,22/7/15,5,FALSE,TRUE
1279,canceled,17/7/15,17/7/15,0,FALSE,TRUE
1179,canceled,17/7/15,22/7/15,5,FALSE,TRUE
1205,canceled,17/7/15,5/8/15,19,FALSE,TRUE
850,canceled,18/7/15,22/7/15,4,FALSE,TRUE
1256,canceled,18/7/15,24/7/15,6,FALSE,TRUE
1014,current,18/7/15,,,FALSE,FALSE
1258,canceled,15/7/15,21/7/15,6,FALSE,TRUE
40,current,15/7/15,,,FALSE,FALSE
1216,current,16/7/15,,,FALSE,FALSE
1131,current,16/7/15,,,FALSE,FALSE
1150,current,16/7/15,,,FALSE,FALSE
403,current,16/7/15,,,FALSE,FALSE
773,current,17/7/15,,,FALSE,FALSE
968,canceled,17/7/15,17/7/15,0,FALSE,TRUE
662,canceled,17/7/15,21/7/15,4,FALSE,TRUE
1155,canceled,17/7/15,17/7/15,0,FALSE,TRUE
856,canceled,18/7/15,9/8/15,22,FALSE,TRUE
848,canceled,11/8/15,14/8/15,3,FALSE,TRUE
848,canceled,6/3/15,11/3/15,5,FALSE,TRUE
305,current,10/3/15,,,FALSE,FALSE
768,canceled,10/3/15,11/3/15,1,FALSE,TRUE
485,current,10/3/15,,,FALSE,FALSE
464,current,1/4/15,,,FALSE,FALSE
340,current,1/4/15,,,FALSE,FALSE
788,canceled,1/4/15,6/4/15,5,FALSE,TRUE
75,current,1/4/15,,,FALSE,FALSE
786,canceled,2/4/15,9/5/15,37,FALSE,TRUE
1072,current,2/4/15,,,FALSE,FALSE
588,current,2/4/15,,,FALSE,FALSE
291,current,2/4/15,,,FALSE,FALSE
1264,canceled,2/4/15,9/6/15,68,FALSE,TRUE
830,canceled,3/4/15,6/4/15,3,FALSE,TRUE
1088,canceled,3/4/15,25/4/15,22,FALSE,TRUE
723,canceled,3/4/15,6/4/15,3,FALSE,TRUE
536,current,24/4/15,,,FALSE,FALSE
107,current,24/4/15,,,FALSE,FALSE
353,current,24/4/15,,,FALSE,FALSE
146,current,24/4/15,,,FALSE,FALSE
466,current,6/5/15,,,FALSE,FALSE
811,canceled,6/5/15,13/6/15,38,FALSE,TRUE
825,canceled,6/5/15,6/5/15,0,FALSE,TRUE
825,canceled,9/5/15,16/6/15,38,FALSE,TRUE
484,current,7/5/15,,,FALSE,FALSE
1055,canceled,8/5/15,15/7/15,68,FALSE,TRUE
192,current,9/5/15,,,FALSE,FALSE
766,canceled,10/5/15,10/5/15,0,FALSE,TRUE
398,current,11/5/15,,,FALSE,FALSE
1215,canceled,11/5/15,18/7/15,68,FALSE,TRUE
20,current,11/5/15,,,FALSE,FALSE
1030,canceled,11/5/15,18/7/15,68,FALSE,TRUE
955,canceled,11/5/15,18/8/15,99,FALSE,TRUE
995,canceled,11/5/15,18/5/15,7,FALSE,TRUE
200,current,12/5/15,,,FALSE,FALSE
665,current,12/5/15,,,FALSE,FALSE
815,canceled,12/5/15,18/5/15,6,FALSE,TRUE
1263,current,16/8/15,,,FALSE,FALSE
1136,current,18/8/15,,,FALSE,FALSE
1144,current,18/8/15,,,FALSE,FALSE
142,current,19/8/15,,,FALSE,FALSE
142,canceled,12/1/15,3/8/15,203,FALSE,TRUE
1228,current,19/8/15,,,FALSE,FALSE
967,current,21/8/15,,,FALSE,FALSE
754,current,21/8/15,,,FALSE,FALSE
851,current,22/8/15,,,FALSE,FALSE
990,current,23/8/15,,,FALSE,FALSE
1039,canceled,19/7/15,19/7/15,0,FALSE,TRUE
1039,canceled,12/8/15,16/8/15,4,FALSE,TRUE
950,current,19/7/15,,,FALSE,FALSE
1087,current,20/7/15,,,FALSE,FALSE
1018,canceled,20/7/15,26/7/15,6,FALSE,TRUE
993,canceled,11/8/15,17/8/15,6,FALSE,TRUE
699,canceled,11/8/15,18/8/15,7,FALSE,TRUE
940,current,13/8/15,,,FALSE,FALSE
940,canceled,17/7/15,23/7/15,6,FALSE,TRUE
1162,canceled,14/8/15,19/8/15,5,FALSE,TRUE
986,current,15/8/15,,,FALSE,FALSE
784,current,17/8/15,,,FALSE,FALSE
893,current,18/8/15,,,FALSE,FALSE
840,current,21/8/15,,,FALSE,FALSE
975,current,23/8/15,,,FALSE,FALSE
1038,canceled,4/4/15,26/4/15,22,FALSE,TRUE
739,canceled,5/4/15,5/4/15,0,FALSE,TRUE
1046,canceled,5/4/15,7/4/15,2,FALSE,TRUE
1170,canceled,5/4/15,12/7/15,98,FALSE,TRUE
1268,canceled,6/4/15,28/5/15,52,FALSE,TRUE
706,canceled,7/4/15,14/7/15,98,FALSE,TRUE
1222,canceled,7/4/15,7/4/15,0,FALSE,TRUE
936,canceled,7/4/15,12/4/15,5,FALSE,TRUE
632,current,7/4/15,,,FALSE,FALSE
606,canceled,8/4/15,15/6/15,68,FALSE,TRUE
117,current,8/4/15,,,FALSE,FALSE
863,canceled,10/4/15,12/4/15,2,FALSE,TRUE
94,current,24/4/15,,,FALSE,FALSE
299,current,24/4/15,,,FALSE,FALSE
574,current,24/4/15,,,FALSE,FALSE
212,current,24/4/15,,,FALSE,FALSE
401,current,24/4/15,,,FALSE,FALSE
387,current,24/4/15,,,FALSE,FALSE
1113,current,6/5/15,,,FALSE,FALSE
382,current,6/5/15,,,FALSE,FALSE
8,current,6/5/15,,,FALSE,FALSE
1,current,6/5/15,,,FALSE,FALSE
184,current,12/5/15,,,FALSE,FALSE
61,current,12/5/15,,,FALSE,FALSE
669,canceled,12/5/15,19/7/15,68,FALSE,TRUE
596,current,12/5/15,,,FALSE,FALSE
7,current,12/5/15,,,FALSE,FALSE
41,current,13/5/15,,,FALSE,FALSE
513,current,28/5/15,,,FALSE,FALSE
545,current,28/5/15,,,FALSE,FALSE
572,current,28/5/15,,,FALSE,FALSE
199,current,30/5/15,,,FALSE,FALSE
1125,canceled,31/5/15,31/5/15,0,FALSE,TRUE
569,canceled,2/6/15,9/8/15,68,FALSE,TRUE
14,current,3/6/15,,,FALSE,FALSE
646,current,4/6/15,,,FALSE,FALSE
708,canceled,5/6/15,5/6/15,0,FALSE,TRUE
708,canceled,5/6/15,10/6/15,5,FALSE,TRUE
6,current,5/6/15,,,FALSE,FALSE
619,current,6/6/15,,,FALSE,FALSE
912,canceled,6/6/15,13/8/15,68,FALSE,TRUE
456,current,7/6/15,,,FALSE,FALSE
1025,canceled,7/6/15,7/6/15,0,FALSE,TRUE
80,current,7/6/15,,,FALSE,FALSE
763,canceled,8/6/15,14/6/15,6,FALSE,TRUE
116,current,6/5/15,,,FALSE,FALSE
89,current,7/5/15,,,FALSE,FALSE
471,current,7/5/15,,,FALSE,FALSE
1002,current,7/5/15,,,FALSE,FALSE
154,current,9/5/15,,,FALSE,FALSE
58,current,9/5/15,,,FALSE,FALSE
406,current,10/5/15,,,FALSE,FALSE
1062,canceled,10/5/15,17/6/15,38,FALSE,TRUE
1282,current,10/5/15,,,FALSE,FALSE
162,current,11/5/15,,,FALSE,FALSE
242,current,11/5/15,,,FALSE,FALSE
235,current,11/5/15,,,FALSE,FALSE
928,current,11/5/15,,,FALSE,FALSE
1151,current,11/5/15,,,FALSE,FALSE
249,current,12/5/15,,,FALSE,FALSE
621,current,12/5/15,,,FALSE,FALSE
656,current,12/5/15,,,FALSE,FALSE
497,current,12/5/15,,,FALSE,FALSE
73,current,28/5/15,,,FALSE,FALSE
1184,canceled,29/5/15,4/6/15,6,FALSE,TRUE
290,current,30/5/15,,,FALSE,FALSE
1290,current,2/6/15,,,FALSE,FALSE
294,current,4/6/15,,,FALSE,FALSE
826,canceled,5/6/15,9/6/15,4,FALSE,TRUE
750,canceled,6/6/15,6/6/15,0,FALSE,TRUE
573,current,7/6/15,,,FALSE,FALSE
1081,current,8/6/15,,,FALSE,FALSE
956,canceled,8/6/15,15/8/15,68,FALSE,TRUE
1172,canceled,9/6/15,10/6/15,1,FALSE,TRUE
1036,current,9/6/15,,,FALSE,FALSE
1084,canceled,8/7/15,15/7/15,7,FALSE,TRUE
827,canceled,8/7/15,12/7/15,4,FALSE,TRUE
271,current,8/7/15,,,FALSE,FALSE
317,current,9/7/15,,,FALSE,FALSE
1257,current,9/7/15,,,FALSE,FALSE
326,current,9/7/15,,,FALSE,FALSE
783,canceled,13/7/15,19/7/15,6,FALSE,TRUE
748,current,8/6/15,,,FALSE,FALSE
777,canceled,8/6/15,15/8/15,68,FALSE,TRUE
910,canceled,8/6/15,15/6/15,7,FALSE,TRUE
296,current,8/6/15,,,FALSE,FALSE
628,current,9/6/15,,,FALSE,FALSE
1262,current,9/6/15,,,FALSE,FALSE
531,current,8/7/15,,,FALSE,FALSE
947,canceled,8/7/15,13/7/15,5,FALSE,TRUE
1209,current,9/7/15,,,FALSE,FALSE
498,current,9/7/15,,,FALSE,FALSE
1197,canceled,9/7/15,11/7/15,2,FALSE,TRUE
430,current,10/7/15,,,FALSE,FALSE
694,current,10/7/15,,,FALSE,FALSE
238,current,13/7/15,,,FALSE,FALSE
48,current,16/7/15,,,FALSE,FALSE
47,current,16/7/15,,,FALSE,FALSE
29,current,16/7/15,,,FALSE,FALSE
885,current,16/7/15,,,FALSE,FALSE
164,current,16/7/15,,,FALSE,FALSE
1080,current,17/7/15,,,FALSE,FALSE
402,canceled,12/1/15,10/3/15,57,FALSE,TRUE
402,current,10/3/15,,,FALSE,FALSE
15,canceled,12/1/15,17/1/15,5,FALSE,TRUE
15,canceled,4/3/15,11/8/15,160,FALSE,TRUE
87,current,12/1/15,,,FALSE,FALSE
724,canceled,12/1/15,18/1/15,6,FALSE,TRUE
134,canceled,5/2/15,12/6/15,127,FALSE,TRUE
1033,canceled,6/2/15,13/8/15,188,FALSE,TRUE
782,current,17/7/15,,,FALSE,FALSE
979,current,17/7/15,,,FALSE,FALSE
849,canceled,17/7/15,19/7/15,2,FALSE,TRUE
898,canceled,18/7/15,24/7/15,6,FALSE,TRUE
1302,current,18/7/15,,,FALSE,FALSE
879,canceled,18/7/15,24/7/15,6,FALSE,TRUE
687,current,20/7/15,,,FALSE,FALSE
924,current,11/8/15,,,FALSE,FALSE
946,current,11/8/15,,,FALSE,FALSE
889,canceled,11/8/15,11/8/15,0,FALSE,TRUE
805,current,11/8/15,,,FALSE,FALSE
552,current,14/8/15,,,FALSE,FALSE
1028,current,21/8/15,,,FALSE,FALSE
1034,canceled,15/7/15,20/7/15,5,FALSE,TRUE
1159,canceled,16/7/15,21/7/15,5,FALSE,TRUE
1003,canceled,16/7/15,20/7/15,4,FALSE,TRUE
122,current,17/7/15,,,FALSE,FALSE
39,current,17/7/15,,,FALSE,FALSE
775,canceled,17/7/15,24/7/15,7,FALSE,TRUE
393,current,18/7/15,,,FALSE,FALSE
1147,current,19/7/15,,,FALSE,FALSE
325,current,19/7/15,,,FALSE,FALSE
883,current,19/7/15,,,FALSE,FALSE
1224,current,20/7/15,,,FALSE,FALSE
332,current,11/8/15,,,FALSE,FALSE
443,current,10/11/14,,,FALSE,FALSE
309,current,10/11/14,,,FALSE,FALSE
512,canceled,10/11/14,17/3/15,127,FALSE,TRUE
821,canceled,10/11/14,16/11/14,6,FALSE,TRUE
230,current,10/11/14,,,FALSE,FALSE
301,current,10/11/14,,,FALSE,FALSE
760,canceled,10/11/14,13/11/14,3,FALSE,TRUE
506,current,10/11/14,,,FALSE,FALSE
1243,canceled,10/11/14,18/11/14,8,FALSE,TRUE
737,canceled,10/11/14,10/11/14,0,FALSE,TRUE
1220,canceled,10/11/14,17/12/14,37,FALSE,TRUE
878,canceled,10/11/14,10/11/14,0,FALSE,TRUE
1288,canceled,10/11/14,15/11/14,5,FALSE,TRUE
755,current,10/11/14,,,FALSE,FALSE
85,canceled,11/11/14,27/3/15,136,FALSE,TRUE
160,canceled,11/11/14,18/2/15,99,FALSE,TRUE
1050,current,11/8/15,,,FALSE,FALSE
998,canceled,11/8/15,18/8/15,7,FALSE,TRUE
834,current,13/8/15,,,FALSE,FALSE
742,current,14/8/15,,,FALSE,FALSE
981,canceled,7/2/15,7/2/15,0,FALSE,TRUE
535,current,8/2/15,,,FALSE,FALSE
636,canceled,9/2/15,10/2/15,1,FALSE,TRUE
636,canceled,5/3/15,12/8/15,160,FALSE,TRUE
423,canceled,9/2/15,8/4/15,58,FALSE,TRUE
423,current,8/4/15,,,FALSE,FALSE
1112,canceled,10/2/15,13/2/15,3,FALSE,TRUE
190,canceled,11/2/15,8/4/15,56,FALSE,TRUE
190,current,8/4/15,,,FALSE,FALSE
1078,canceled,11/2/15,17/2/15,6,FALSE,TRUE
692,canceled,11/2/15,24/2/15,13,FALSE,TRUE
1101,current,25/2/15,,,TRUE,FALSE
904,canceled,5/3/15,10/3/15,5,FALSE,TRUE
259,canceled,5/3/15,12/3/15,7,FALSE,TRUE
259,canceled,7/4/15,14/7/15,98,FALSE,TRUE
653,canceled,5/3/15,5/3/15,0,FALSE,TRUE
653,current,8/7/15,,,FALSE,FALSE
1177,canceled,6/3/15,6/3/15,0,FALSE,TRUE
1177,current,11/3/15,,,FALSE,FALSE
233,current,6/3/15,,,FALSE,FALSE
351,current,8/3/15,,,FALSE,FALSE
680,canceled,9/3/15,12/3/15,3,FALSE,TRUE
1148,canceled,9/3/15,9/3/15,0,FALSE,TRUE
854,current,23/8/15,,,FALSE,FALSE
880,current,23/8/15,,,FALSE,FALSE
839,canceled,13/11/14,15/1/15,63,FALSE,TRUE
1161,canceled,13/11/14,20/12/14,37,FALSE,TRUE
672,current,14/11/14,,,FALSE,FALSE
282,current,14/11/14,,,FALSE,FALSE
155,current,14/11/14,,,FALSE,FALSE
949,canceled,14/11/14,20/11/14,6,FALSE,TRUE
257,current,15/11/14,,,FALSE,FALSE
311,current,16/11/14,,,FALSE,FALSE
188,current,16/11/14,,,FALSE,FALSE
1146,canceled,16/11/14,23/12/14,37,FALSE,TRUE
65,canceled,16/11/14,23/2/15,99,FALSE,TRUE
787,canceled,16/11/14,23/12/14,37,FALSE,TRUE
941,canceled,10/3/15,1/4/15,22,FALSE,TRUE
457,current,10/3/15,,,FALSE,FALSE
1119,canceled,11/3/15,15/3/15,4,FALSE,TRUE
1119,canceled,16/8/15,16/8/15,0,FALSE,TRUE
899,canceled,11/3/15,17/3/15,6,FALSE,TRUE
985,canceled,11/3/15,18/4/15,38,FALSE,TRUE
1186,canceled,11/3/15,11/3/15,0,FALSE,TRUE
333,current,1/4/15,,,FALSE,FALSE
681,canceled,1/4/15,7/4/15,6,FALSE,TRUE
681,canceled,9/6/15,15/6/15,6,FALSE,TRUE
835,canceled,3/12/14,10/1/15,38,FALSE,TRUE
549,canceled,3/12/14,10/6/15,189,FALSE,TRUE
660,canceled,3/12/14,10/1/15,38,FALSE,TRUE
174,canceled,3/12/14,10/3/15,97,FALSE,TRUE
1261,canceled,3/12/14,8/12/14,5,FALSE,TRUE
514,canceled,4/12/14,11/6/15,189,FALSE,TRUE
1135,canceled,4/12/14,8/12/14,4,FALSE,TRUE
953,canceled,5/12/14,11/12/14,6,FALSE,TRUE
594,current,5/12/14,,,FALSE,FALSE
137,current,6/12/14,,,FALSE,FALSE
725,canceled,6/12/14,6/12/14,0,FALSE,TRUE
820,canceled,6/12/14,9/12/14,3,FALSE,TRUE
778,canceled,7/12/14,29/12/14,22,FALSE,TRUE
865,canceled,7/12/14,13/12/14,6,FALSE,TRUE
801,canceled,8/12/14,3/2/15,57,FALSE,TRUE
1077,canceled,8/12/14,30/1/15,53,FALSE,TRUE
808,canceled,8/12/14,30/12/14,22,FALSE,TRUE
241,current,8/12/14,,,FALSE,FALSE
767,canceled,8/12/14,11/12/14,3,FALSE,TRUE
46,current,8/12/14,,,FALSE,FALSE
917,canceled,9/12/14,14/12/14,5,FALSE,TRUE
933,canceled,9/12/14,14/12/14,5,FALSE,TRUE
1246,canceled,9/12/14,15/12/14,6,FALSE,TRUE
363,current,2/4/15,,,FALSE,FALSE
269,current,2/4/15,,,FALSE,FALSE
528,canceled,3/4/15,10/8/15,129,FALSE,TRUE
1145,canceled,4/4/15,4/4/15,0,FALSE,TRUE
658,canceled,6/4/15,8/4/15,2,FALSE,TRUE
658,canceled,10/4/15,10/4/15,0,FALSE,TRUE
1158,canceled,7/4/15,9/4/15,2,FALSE,TRUE
600,current,7/4/15,,,FALSE,FALSE
1115,canceled,8/4/15,15/5/15,37,FALSE,TRUE
957,canceled,8/4/15,14/4/15,6,FALSE,TRUE
920,current,12/4/15,,,FALSE,FALSE
447,canceled,24/4/15,4/6/15,41,FALSE,TRUE
370,current,24/4/15,,,FALSE,FALSE
84,current,6/5/15,,,FALSE,FALSE
255,current,6/5/15,,,FALSE,FALSE
987,canceled,9/12/14,11/12/14,2,FALSE,TRUE
472,current,7/1/15,,,FALSE,FALSE
802,canceled,8/1/15,8/1/15,0,FALSE,TRUE
664,canceled,8/1/15,8/1/15,0,FALSE,TRUE
272,canceled,8/1/15,15/5/15,127,FALSE,TRUE
32,current,8/1/15,,,FALSE,FALSE
115,current,11/1/15,,,FALSE,FALSE
997,canceled,12/1/15,12/1/15,0,FALSE,TRUE
434,canceled,12/1/15,3/6/15,142,FALSE,TRUE
1061,canceled,12/1/15,14/1/15,2,FALSE,TRUE
532,canceled,12/1/15,19/6/15,158,FALSE,TRUE
847,canceled,12/1/15,19/1/15,7,FALSE,TRUE
937,canceled,6/5/15,13/6/15,38,FALSE,TRUE
927,canceled,6/5/15,13/5/15,7,FALSE,TRUE
927,canceled,13/5/15,20/7/15,68,FALSE,TRUE
1022,canceled,7/5/15,14/6/15,38,FALSE,TRUE
1022,current,20/8/15,,,FALSE,FALSE
320,current,7/5/15,,,FALSE,FALSE
635,current,7/5/15,,,FALSE,FALSE
182,current,8/5/15,,,FALSE,FALSE
298,current,8/5/15,,,FALSE,FALSE
385,current,8/5/15,,,FALSE,FALSE
175,current,9/5/15,,,FALSE,FALSE
942,canceled,10/5/15,15/5/15,5,FALSE,TRUE
120,current,11/5/15,,,FALSE,FALSE
314,current,11/5/15,,,FALSE,FALSE
331,current,11/5/15,,,FALSE,FALSE
303,current,11/5/15,,,FALSE,FALSE
533,current,11/5/15,,,FALSE,FALSE
1026,canceled,11/5/15,12/5/15,1,FALSE,TRUE
17,current,11/5/15,,,FALSE,FALSE
129,current,11/5/15,,,FALSE,FALSE
189,current,12/5/15,,,FALSE,FALSE
772,canceled,12/5/15,19/5/15,7,FALSE,TRUE
870,canceled,12/5/15,12/5/15,0,FALSE,TRUE
4,current,12/5/15,,,FALSE,FALSE
454,current,12/5/15,,,FALSE,FALSE
715,current,12/5/15,,,FALSE,FALSE
410,canceled,12/5/15,19/8/15,99,FALSE,TRUE
1007,canceled,12/5/15,19/6/15,38,FALSE,TRUE
1007,canceled,18/7/15,23/7/15,5,FALSE,TRUE
758,canceled,12/5/15,17/5/15,5,FALSE,TRUE
16,current,13/5/15,,,FALSE,FALSE
1165,canceled,12/1/15,13/1/15,1,FALSE,TRUE
297,current,12/1/15,,,FALSE,FALSE
373,current,12/1/15,,,FALSE,FALSE
1284,canceled,13/1/15,13/1/15,0,FALSE,TRUE
510,current,5/2/15,,,FALSE,FALSE
645,canceled,9/2/15,16/5/15,96,FALSE,TRUE
1079,canceled,9/2/15,9/2/15,0,FALSE,TRUE
1281,canceled,9/2/15,12/2/15,3,FALSE,TRUE
36,current,13/5/15,,,FALSE,FALSE
1068,canceled,28/5/15,29/5/15,1,FALSE,TRUE
616,current,28/5/15,,,FALSE,FALSE
55,current,29/5/15,,,FALSE,FALSE
538,current,2/6/15,,,FALSE,FALSE
503,current,3/6/15,,,FALSE,FALSE
196,current,3/6/15,,,FALSE,FALSE
1217,canceled,6/6/15,28/7/15,52,FALSE,TRUE
1217,current,13/8/15,,,FALSE,FALSE
1106,canceled,7/6/15,13/6/15,6,FALSE,TRUE
762,canceled,8/6/15,15/7/15,37,FALSE,TRUE
565,current,8/6/15,,,FALSE,FALSE
897,canceled,8/6/15,15/7/15,37,FALSE,TRUE
518,current,8/6/15,,,FALSE,FALSE
961,canceled,8/6/15,11/6/15,3,FALSE,TRUE
384,current,8/6/15,,,FALSE,FALSE
1075,canceled,9/6/15,16/8/15,68,FALSE,TRUE
888,current,9/6/15,,,FALSE,FALSE
1227,current,9/6/15,,,FALSE,FALSE
176,current,8/7/15,,,FALSE,FALSE
1133,canceled,9/7/15,15/7/15,6,FALSE,TRUE
1231,current,9/7/15,,,FALSE,FALSE
1005,canceled,9/7/15,11/7/15,2,FALSE,TRUE
999,canceled,10/2/15,13/2/15,3,FALSE,TRUE
391,current,10/2/15,,,FALSE,FALSE
1188,canceled,10/2/15,17/3/15,35,FALSE,TRUE
1200,canceled,4/3/15,11/4/15,38,FALSE,TRUE
1196,canceled,4/3/15,11/3/15,7,FALSE,TRUE
113,canceled,4/3/15,11/7/15,129,FALSE,TRUE
409,current,6/3/15,,,FALSE,FALSE
1082,canceled,6/3/15,13/4/15,38,FALSE,TRUE
872,current,6/3/15,,,FALSE,FALSE
860,canceled,7/3/15,11/3/15,4,FALSE,TRUE
828,canceled,9/3/15,16/4/15,38,FALSE,TRUE
795,canceled,9/3/15,13/3/15,4,FALSE,TRUE
1100,canceled,10/3/15,16/3/15,6,FALSE,TRUE
172,current,10/3/15,,,FALSE,FALSE
809,canceled,10/3/15,14/3/15,4,FALSE,TRUE
1276,current,10/3/15,,,FALSE,FALSE
542,current,10/7/15,,,FALSE,FALSE
1063,canceled,14/7/15,14/7/15,0,FALSE,TRUE
701,canceled,16/7/15,20/7/15,4,FALSE,TRUE
526,current,16/7/15,,,FALSE,FALSE
1255,canceled,17/7/15,23/7/15,6,FALSE,TRUE
355,current,17/7/15,,,FALSE,FALSE
901,current,17/7/15,,,FALSE,FALSE
1023,canceled,17/7/15,20/7/15,3,FALSE,TRUE
764,current,17/7/15,,,FALSE,FALSE
210,current,11/3/15,,,FALSE,FALSE
1048,current,11/3/15,,,FALSE,FALSE
543,current,1/4/15,,,FALSE,FALSE
1149,current,1/4/15,,,FALSE,FALSE
1175,canceled,2/4/15,9/6/15,68,FALSE,TRUE
781,current,2/4/15,,,FALSE,FALSE
425,current,5/4/15,,,FALSE,FALSE
118,current,6/4/15,,,FALSE,FALSE
310,current,6/4/15,,,FALSE,FALSE
19,canceled,6/4/15,13/7/15,98,FALSE,TRUE
1070,current,19/7/15,,,FALSE,FALSE
798,current,19/7/15,,,FALSE,FALSE
1270,canceled,20/7/15,20/7/15,0,FALSE,TRUE
548,current,20/7/15,,,FALSE,FALSE
1143,current,11/8/15,,,FALSE,FALSE
931,current,11/8/15,,,FALSE,FALSE
1056,current,12/8/15,,,FALSE,FALSE
1235,current,12/8/15,,,FALSE,FALSE
417,current,12/8/15,,,FALSE,FALSE
794,current,13/8/15,,,FALSE,FALSE
921,canceled,17/8/15,21/8/15,4,FALSE,TRUE
816,current,20/8/15,,,FALSE,FALSE
1269,current,21/8/15,,,FALSE,FALSE
1067,current,22/8/15,,,FALSE,FALSE
1157,current,22/8/15,,,FALSE,FALSE
980,canceled,8/4/15,14/4/15,6,FALSE,TRUE
726,canceled,8/4/15,15/5/15,37,FALSE,TRUE
177,current,10/4/15,,,FALSE,FALSE
797,current,24/4/15,,,FALSE,FALSE
49,current,24/4/15,,,FALSE,FALSE
376,current,5/5/15,,,FALSE,FALSE
1004,canceled,6/5/15,8/5/15,2,FALSE,TRUE
1024,canceled,6/5/15,11/5/15,5,FALSE,TRUE
228,current,7/5/15,,,FALSE,FALSE
173,current,7/5/15,,,FALSE,FALSE
422,current,8/5/15,,,FALSE,FALSE
236,current,10/5/15,,,FALSE,FALSE
779,canceled,10/5/15,18/6/15,39,FALSE,TRUE
881,canceled,11/5/15,14/5/15,3,FALSE,TRUE
1182,current,11/5/15,,,FALSE,FALSE
287,current,11/5/15,,,FALSE,FALSE
648,current,11/5/15,,,FALSE,FALSE
1249,canceled,11/5/15,18/7/15,68,FALSE,TRUE
519,current,11/5/15,,,FALSE,FALSE
1099,canceled,11/5/15,18/7/15,68,FALSE,TRUE
566,current,12/5/15,,,FALSE,FALSE
846,canceled,12/5/15,19/6/15,38,FALSE,TRUE
1052,canceled,12/5/15,19/7/15,68,FALSE,TRUE
1059,canceled,12/5/15,18/5/15,6,FALSE,TRUE
661,canceled,12/5/15,19/6/15,38,FALSE,TRUE
852,current,12/5/15,,,FALSE,FALSE
491,current,12/5/15,,,FALSE,FALSE
445,current,13/5/15,,,FALSE,FALSE
644,current,13/5/15,,,FALSE,FALSE
68,current,13/5/15,,,FALSE,FALSE
489,current,1/6/15,,,FALSE,FALSE
911,canceled,1/6/15,3/6/15,2,FALSE,TRUE
1291,canceled,3/6/15,3/6/15,0,FALSE,TRUE
1206,current,3/6/15,,,FALSE,FALSE
414,current,7/6/15,,,FALSE,FALSE
226,current,8/6/15,,,FALSE,FALSE
2,current,8/6/15,,,FALSE,FALSE
1241,canceled,9/6/15,9/6/15,0,FALSE,TRUE
1187,canceled,9/6/15,15/6/15,6,FALSE,TRUE
1274,current,8/7/15,,,FALSE,FALSE
218,current,8/7/15,,,FALSE,FALSE
324,current,9/7/15,,,FALSE,FALSE
891,canceled,9/7/15,15/7/15,6,FALSE,TRUE
1000,current,11/7/15,,,FALSE,FALSE
973,current,13/7/15,,,FALSE,FALSE
806,current,15/7/15,,,FALSE,FALSE
1178,canceled,16/7/15,7/8/15,22,FALSE,TRUE
832,current,16/7/15,,,FALSE,FALSE
1232,canceled,16/7/15,17/7/15,1,FALSE,TRUE
1057,canceled,17/7/15,21/7/15,4,FALSE,TRUE
689,current,17/7/15,,,FALSE,FALSE
1278,current,17/7/15,,,FALSE,FALSE
1272,canceled,17/7/15,23/7/15,6,FALSE,TRUE
438,current,17/7/15,,,FALSE,FALSE
992,current,17/7/15,,,FALSE,FALSE
575,current,17/7/15,,,FALSE,FALSE
807,canceled,20/7/15,22/7/15,2,FALSE,TRUE
1298,current,11/8/15,,,FALSE,FALSE
751,current,11/8/15,,,FALSE,FALSE
1176,current,12/8/15,,,FALSE,FALSE
1110,current,13/8/15,,,FALSE,FALSE
1116,canceled,15/8/15,18/8/15,3,FALSE,TRUE
874,current,22/8/15,,,FALSE,FALSE
686,current,23/8/15,,,FALSE,FALSE